timestamp, index, utilization.gpu [%], utilization.memory [%], memory.used [MiB]
2026/05/29 23:04:45.819, 0, 0, 0, 0
2026/05/29 23:04:45.822, 1, 0, 0, 0
2026/05/29 23:04:45.824, 2, 0, 0, 0
2026/05/29 23:04:45.827, 3, 0, 0, 0
2026/05/29 23:04:46.830, 0, 0, 0, 0
2026/05/29 23:04:46.832, 1, 0, 0, 0
2026/05/29 23:04:46.842, 2, 0, 0, 0
2026/05/29 23:04:46.844, 3, 0, 0, 0
2026/05/29 23:04:47.846, 0, 0, 0, 0
2026/05/29 23:04:47.848, 1, 0, 0, 0
2026/05/29 23:04:47.850, 2, 0, 0, 0
2026/05/29 23:04:47.851, 3, 0, 0, 0
2026/05/29 23:04:48.853, 0, 0, 0, 0
2026/05/29 23:04:48.854, 1, 0, 0, 0
2026/05/29 23:04:48.856, 2, 0, 0, 0
2026/05/29 23:04:48.857, 3, 0, 0, 0
2026/05/29 23:04:49.859, 0, 0, 0, 0
2026/05/29 23:04:49.861, 1, 0, 0, 0
2026/05/29 23:04:49.862, 2, 0, 0, 0
2026/05/29 23:04:49.864, 3, 0, 0, 0
2026/05/29 23:04:50.866, 0, 0, 0, 0
2026/05/29 23:04:50.868, 1, 0, 0, 0
2026/05/29 23:04:50.870, 2, 0, 0, 0
2026/05/29 23:04:50.874, 3, 0, 0, 0
2026/05/29 23:04:51.880, 0, 0, 0, 0
2026/05/29 23:04:51.881, 1, 0, 0, 0
2026/05/29 23:04:51.883, 2, 0, 0, 0
2026/05/29 23:04:51.885, 3, 0, 0, 0
2026/05/29 23:04:52.886, 0, 0, 0, 0
2026/05/29 23:04:52.888, 1, 0, 0, 0
2026/05/29 23:04:52.890, 2, 0, 0, 0
2026/05/29 23:04:52.892, 3, 0, 0, 0
2026/05/29 23:04:53.893, 0, 0, 0, 0
2026/05/29 23:04:53.895, 1, 0, 0, 0
2026/05/29 23:04:53.896, 2, 0, 0, 0
2026/05/29 23:04:53.898, 3, 0, 0, 0
2026/05/29 23:04:54.899, 0, 0, 0, 0
2026/05/29 23:04:54.901, 1, 0, 0, 0
2026/05/29 23:04:54.903, 2, 0, 0, 0
2026/05/29 23:04:54.904, 3, 0, 0, 0
2026/05/29 23:04:55.906, 0, 0, 0, 0
2026/05/29 23:04:55.908, 1, 0, 0, 0
2026/05/29 23:04:55.910, 2, 0, 0, 0
2026/05/29 23:04:55.911, 3, 0, 0, 0
2026/05/29 23:04:56.913, 0, 0, 0, 0
2026/05/29 23:04:56.914, 1, 0, 0, 0
2026/05/29 23:04:56.916, 2, 0, 0, 0
2026/05/29 23:04:56.917, 3, 0, 0, 0
2026/05/29 23:04:57.919, 0, 0, 0, 0
2026/05/29 23:04:57.921, 1, 0, 0, 0
2026/05/29 23:04:57.922, 2, 0, 0, 0
2026/05/29 23:04:57.924, 3, 0, 0, 0
2026/05/29 23:04:58.926, 0, 0, 0, 0
2026/05/29 23:04:58.928, 1, 0, 0, 0
2026/05/29 23:04:58.929, 2, 0, 0, 0
2026/05/29 23:04:58.931, 3, 0, 0, 0
2026/05/29 23:04:59.933, 0, 0, 0, 0
2026/05/29 23:04:59.941, 1, 0, 0, 0
2026/05/29 23:04:59.943, 2, 0, 0, 0
2026/05/29 23:04:59.945, 3, 0, 0, 0
2026/05/29 23:05:00.947, 0, 0, 0, 0
2026/05/29 23:05:00.948, 1, 0, 0, 0
2026/05/29 23:05:00.950, 2, 0, 0, 0
2026/05/29 23:05:00.952, 3, 0, 0, 0
2026/05/29 23:05:01.953, 0, 0, 0, 0
2026/05/29 23:05:01.955, 1, 0, 0, 0
2026/05/29 23:05:01.957, 2, 0, 0, 0
2026/05/29 23:05:01.958, 3, 0, 0, 0
2026/05/29 23:05:02.960, 0, 0, 0, 0
2026/05/29 23:05:02.961, 1, 0, 0, 0
2026/05/29 23:05:02.963, 2, 0, 0, 0
2026/05/29 23:05:02.965, 3, 0, 0, 0
2026/05/29 23:05:03.967, 0, 0, 0, 0
2026/05/29 23:05:03.969, 1, 0, 0, 0
2026/05/29 23:05:03.970, 2, 0, 0, 0
2026/05/29 23:05:03.974, 3, 0, 0, 0
2026/05/29 23:05:04.980, 0, 0, 0, 0
2026/05/29 23:05:04.982, 1, 0, 0, 0
2026/05/29 23:05:04.983, 2, 0, 0, 0
2026/05/29 23:05:04.985, 3, 0, 0, 0
2026/05/29 23:05:05.987, 0, 0, 0, 0
2026/05/29 23:05:05.989, 1, 0, 0, 0
2026/05/29 23:05:05.991, 2, 0, 0, 0
2026/05/29 23:05:05.992, 3, 0, 0, 0
2026/05/29 23:05:06.994, 0, 0, 0, 0
2026/05/29 23:05:06.995, 1, 0, 0, 0
2026/05/29 23:05:06.997, 2, 0, 0, 0
2026/05/29 23:05:06.998, 3, 0, 0, 0
2026/05/29 23:05:08.000, 0, 0, 0, 0
2026/05/29 23:05:08.002, 1, 0, 0, 0
2026/05/29 23:05:08.003, 2, 0, 0, 0
2026/05/29 23:05:08.005, 3, 0, 0, 0
2026/05/29 23:05:09.007, 0, 0, 0, 0
2026/05/29 23:05:09.009, 1, 0, 0, 0
2026/05/29 23:05:09.011, 2, 0, 0, 0
2026/05/29 23:05:09.012, 3, 0, 0, 0
2026/05/29 23:05:10.014, 0, 0, 0, 0
2026/05/29 23:05:10.015, 1, 0, 0, 0
2026/05/29 23:05:10.017, 2, 0, 0, 0
2026/05/29 23:05:10.018, 3, 0, 0, 0
2026/05/29 23:05:11.020, 0, 0, 0, 0
2026/05/29 23:05:11.022, 1, 0, 0, 0
2026/05/29 23:05:11.023, 2, 0, 0, 0
2026/05/29 23:05:11.025, 3, 0, 0, 0
2026/05/29 23:05:12.027, 0, 0, 0, 0
2026/05/29 23:05:12.029, 1, 0, 0, 0
2026/05/29 23:05:12.030, 2, 0, 0, 0
2026/05/29 23:05:12.032, 3, 0, 0, 0
2026/05/29 23:05:13.039, 0, 0, 0, 0
2026/05/29 23:05:13.044, 1, 0, 0, 0
2026/05/29 23:05:13.046, 2, 0, 0, 0
2026/05/29 23:05:13.047, 3, 0, 0, 0
2026/05/29 23:05:14.049, 0, 0, 0, 0
2026/05/29 23:05:14.051, 1, 0, 0, 0
2026/05/29 23:05:14.053, 2, 0, 0, 0
2026/05/29 23:05:14.054, 3, 0, 0, 0
2026/05/29 23:05:15.056, 0, 0, 0, 0
2026/05/29 23:05:15.057, 1, 0, 0, 0
2026/05/29 23:05:15.059, 2, 0, 0, 0
2026/05/29 23:05:15.060, 3, 0, 0, 0
2026/05/29 23:05:16.062, 0, 0, 0, 0
2026/05/29 23:05:16.064, 1, 0, 0, 0
2026/05/29 23:05:16.065, 2, 0, 0, 0
2026/05/29 23:05:16.075, 3, 0, 0, 0
2026/05/29 23:05:17.080, 0, 0, 0, 0
2026/05/29 23:05:17.081, 1, 0, 0, 0
2026/05/29 23:05:17.083, 2, 0, 0, 0
2026/05/29 23:05:17.089, 3, 0, 0, 0
2026/05/29 23:05:18.091, 0, 0, 0, 0
2026/05/29 23:05:18.092, 1, 0, 0, 0
2026/05/29 23:05:18.094, 2, 0, 0, 0
2026/05/29 23:05:18.098, 3, 0, 0, 0
2026/05/29 23:05:19.100, 0, 0, 0, 1
2026/05/29 23:05:19.104, 1, 0, 0, 0
2026/05/29 23:05:19.106, 2, 0, 0, 0
2026/05/29 23:05:19.108, 3, 0, 0, 0
2026/05/29 23:05:20.113, 0, 0, 0, 20
2026/05/29 23:05:20.128, 1, 0, 0, 20
2026/05/29 23:05:20.140, 2, 1, 0, 37
2026/05/29 23:05:20.148, 3, 0, 0, 20
2026/05/29 23:05:21.151, 0, 5, 0, 765
2026/05/29 23:05:21.153, 1, 5, 0, 825
2026/05/29 23:05:21.154, 2, 5, 0, 765
2026/05/29 23:05:21.155, 3, 7, 0, 825
2026/05/29 23:05:22.156, 0, 0, 0, 941
2026/05/29 23:05:22.157, 1, 100, 0, 989
2026/05/29 23:05:22.158, 2, 100, 0, 941
2026/05/29 23:05:22.160, 3, 100, 0, 989
2026/05/29 23:05:23.161, 0, 94, 6, 10485
2026/05/29 23:05:23.162, 1, 94, 8, 10533
2026/05/29 23:05:23.163, 2, 100, 6, 10485
2026/05/29 23:05:23.165, 3, 84, 5, 10533
2026/05/29 23:05:24.166, 0, 0, 0, 10485
2026/05/29 23:05:24.168, 1, 0, 0, 10533
2026/05/29 23:05:24.169, 2, 0, 0, 10485
2026/05/29 23:05:24.173, 3, 0, 0, 10533
2026/05/29 23:05:25.181, 0, 0, 0, 10485
2026/05/29 23:05:25.182, 1, 0, 0, 10533
2026/05/29 23:05:25.183, 2, 0, 0, 10485
2026/05/29 23:05:25.184, 3, 0, 0, 10533
2026/05/29 23:05:26.186, 0, 0, 0, 10485
2026/05/29 23:05:26.187, 1, 0, 0, 10533
2026/05/29 23:05:26.188, 2, 0, 0, 10485
2026/05/29 23:05:26.189, 3, 0, 0, 10533
2026/05/29 23:05:27.191, 0, 0, 0, 10485
2026/05/29 23:05:27.192, 1, 0, 0, 10533
2026/05/29 23:05:27.193, 2, 0, 0, 10485
2026/05/29 23:05:27.194, 3, 0, 0, 10533
2026/05/29 23:05:28.195, 0, 0, 0, 10485
2026/05/29 23:05:28.196, 1, 0, 0, 10533
2026/05/29 23:05:28.197, 2, 0, 0, 10485
2026/05/29 23:05:28.198, 3, 0, 0, 10533
2026/05/29 23:05:29.200, 0, 0, 0, 10485
2026/05/29 23:05:29.201, 1, 0, 0, 10533
2026/05/29 23:05:29.202, 2, 0, 0, 10485
2026/05/29 23:05:29.203, 3, 0, 0, 10533
2026/05/29 23:05:30.204, 0, 0, 0, 10485
2026/05/29 23:05:30.205, 1, 0, 0, 10533
2026/05/29 23:05:30.206, 2, 0, 0, 10485
2026/05/29 23:05:30.207, 3, 0, 0, 10533
2026/05/29 23:05:31.209, 0, 0, 0, 10485
2026/05/29 23:05:31.210, 1, 0, 0, 10533
2026/05/29 23:05:31.214, 2, 0, 0, 10485
2026/05/29 23:05:31.215, 3, 0, 0, 10533
2026/05/29 23:05:32.217, 0, 0, 0, 10487
2026/05/29 23:05:32.218, 1, 0, 0, 10535
2026/05/29 23:05:32.220, 2, 0, 0, 10485
2026/05/29 23:05:32.222, 3, 0, 0, 10535
2026/05/29 23:05:33.223, 0, 0, 0, 10491
2026/05/29 23:05:33.224, 1, 4, 0, 10997
2026/05/29 23:05:33.228, 2, 0, 0, 10489
2026/05/29 23:05:33.229, 3, 0, 0, 10537
2026/05/29 23:05:34.230, 0, 0, 0, 10493
2026/05/29 23:05:34.232, 1, 100, 0, 10997
2026/05/29 23:05:34.242, 2, 0, 0, 10491
2026/05/29 23:05:34.243, 3, 100, 0, 10997
2026/05/29 23:05:35.244, 0, 0, 0, 11169
2026/05/29 23:05:35.247, 1, 0, 0, 11211
2026/05/29 23:05:35.250, 2, 1, 0, 11167
2026/05/29 23:05:35.251, 3, 1, 0, 11213
2026/05/29 23:05:36.252, 0, 0, 0, 11169
2026/05/29 23:05:36.255, 1, 0, 0, 11213
2026/05/29 23:05:36.257, 2, 0, 0, 11167
2026/05/29 23:05:36.258, 3, 0, 0, 11215
2026/05/29 23:05:37.260, 0, 0, 0, 11169
2026/05/29 23:05:37.263, 1, 0, 0, 11213
2026/05/29 23:05:37.265, 2, 0, 0, 11167
2026/05/29 23:05:37.275, 3, 0, 0, 11215
2026/05/29 23:05:38.281, 0, 0, 0, 11169
2026/05/29 23:05:38.282, 1, 0, 0, 11213
2026/05/29 23:05:38.283, 2, 0, 0, 11167
2026/05/29 23:05:38.284, 3, 0, 0, 11215
2026/05/29 23:05:39.287, 0, 0, 0, 11169
2026/05/29 23:05:39.289, 1, 0, 0, 11215
2026/05/29 23:05:39.290, 2, 0, 0, 11167
2026/05/29 23:05:39.291, 3, 0, 0, 11215
2026/05/29 23:05:40.294, 0, 0, 0, 11169
2026/05/29 23:05:40.295, 1, 0, 0, 11217
2026/05/29 23:05:40.296, 2, 0, 0, 11169
2026/05/29 23:05:40.297, 3, 0, 0, 11217
2026/05/29 23:05:41.298, 0, 0, 0, 11171
2026/05/29 23:05:41.299, 1, 0, 0, 11217
2026/05/29 23:05:41.301, 2, 0, 0, 11171
2026/05/29 23:05:41.302, 3, 0, 0, 11219
2026/05/29 23:05:42.303, 0, 0, 0, 11175
2026/05/29 23:05:42.307, 1, 0, 0, 11219
2026/05/29 23:05:42.308, 2, 0, 0, 11173
2026/05/29 23:05:42.309, 3, 0, 0, 11221
2026/05/29 23:05:43.311, 0, 0, 0, 11175
2026/05/29 23:05:43.316, 1, 0, 0, 11221
2026/05/29 23:05:43.317, 2, 0, 0, 11175
2026/05/29 23:05:43.318, 3, 0, 0, 11225
2026/05/29 23:05:44.319, 0, 0, 0, 11177
2026/05/29 23:05:44.320, 1, 0, 0, 11223
2026/05/29 23:05:44.321, 2, 0, 0, 11177
2026/05/29 23:05:44.322, 3, 0, 0, 11225
2026/05/29 23:05:45.323, 0, 0, 0, 11177
2026/05/29 23:05:45.326, 1, 0, 0, 11225
2026/05/29 23:05:45.328, 2, 0, 0, 11177
2026/05/29 23:05:45.329, 3, 0, 0, 11225
2026/05/29 23:05:46.330, 0, 35, 32, 11717
2026/05/29 23:05:46.333, 1, 34, 30, 11765
2026/05/29 23:05:46.346, 2, 36, 30, 11717
2026/05/29 23:05:46.352, 3, 35, 31, 11765
2026/05/29 23:05:47.354, 0, 0, 0, 11799
2026/05/29 23:05:47.355, 1, 0, 0, 11847
2026/05/29 23:05:47.356, 2, 0, 0, 11799
2026/05/29 23:05:47.357, 3, 0, 0, 11847
2026/05/29 23:05:48.359, 0, 0, 0, 11799
2026/05/29 23:05:48.360, 1, 0, 0, 11847
2026/05/29 23:05:48.361, 2, 0, 0, 11799
2026/05/29 23:05:48.362, 3, 0, 0, 11847
2026/05/29 23:05:49.363, 0, 0, 0, 11799
2026/05/29 23:05:49.364, 1, 0, 0, 11847
2026/05/29 23:05:49.365, 2, 0, 0, 11799
2026/05/29 23:05:49.374, 3, 0, 0, 11847
2026/05/29 23:05:50.381, 0, 0, 0, 11799
2026/05/29 23:05:50.382, 1, 0, 0, 11849
2026/05/29 23:05:50.383, 2, 0, 0, 11801
2026/05/29 23:05:50.384, 3, 0, 0, 11849
2026/05/29 23:05:51.385, 0, 0, 0, 11801
2026/05/29 23:05:51.386, 1, 0, 0, 11849
2026/05/29 23:05:51.388, 2, 0, 0, 11801
2026/05/29 23:05:51.389, 3, 0, 0, 11849
2026/05/29 23:05:52.390, 0, 0, 0, 11801
2026/05/29 23:05:52.392, 1, 0, 0, 11849
2026/05/29 23:05:52.393, 2, 0, 0, 11801
2026/05/29 23:05:52.394, 3, 0, 0, 11849
2026/05/29 23:05:53.395, 0, 0, 0, 11801
2026/05/29 23:05:53.397, 1, 0, 0, 11849
2026/05/29 23:05:53.398, 2, 0, 0, 11801
2026/05/29 23:05:53.399, 3, 0, 0, 11849
2026/05/29 23:05:54.400, 0, 0, 0, 11961
2026/05/29 23:05:54.402, 1, 47, 22, 12009
2026/05/29 23:05:54.404, 2, 82, 40, 11961
2026/05/29 23:05:54.405, 3, 92, 43, 12009
2026/05/29 23:05:55.408, 0, 0, 0, 11961
2026/05/29 23:05:55.409, 1, 0, 0, 12009
2026/05/29 23:05:55.410, 2, 0, 0, 11961
2026/05/29 23:05:55.412, 3, 0, 0, 12009
2026/05/29 23:05:56.413, 0, 0, 0, 11961
2026/05/29 23:05:56.415, 1, 0, 0, 12009
2026/05/29 23:05:56.416, 2, 0, 0, 11961
2026/05/29 23:05:56.417, 3, 0, 0, 12009
2026/05/29 23:05:57.418, 0, 0, 0, 11961
2026/05/29 23:05:57.419, 1, 0, 0, 12009
2026/05/29 23:05:57.421, 2, 0, 0, 11961
2026/05/29 23:05:57.422, 3, 0, 0, 12009
2026/05/29 23:05:58.423, 0, 0, 0, 11961
2026/05/29 23:05:58.424, 1, 0, 0, 12009
2026/05/29 23:05:58.425, 2, 0, 0, 11961
2026/05/29 23:05:58.426, 3, 0, 0, 12009
2026/05/29 23:05:59.428, 0, 0, 0, 11961
2026/05/29 23:05:59.430, 1, 0, 0, 12009
2026/05/29 23:05:59.431, 2, 0, 0, 11961
2026/05/29 23:05:59.432, 3, 0, 0, 12009
2026/05/29 23:06:00.433, 0, 0, 0, 11961
2026/05/29 23:06:00.442, 1, 0, 0, 12009
2026/05/29 23:06:00.443, 2, 5, 4, 11961
2026/05/29 23:06:00.444, 3, 0, 0, 12009
2026/05/29 23:06:01.446, 0, 0, 0, 11961
2026/05/29 23:06:01.447, 1, 0, 0, 12009
2026/05/29 23:06:01.448, 2, 0, 0, 11961
2026/05/29 23:06:01.449, 3, 0, 0, 12009
2026/05/29 23:06:02.450, 0, 0, 0, 11961
2026/05/29 23:06:02.452, 1, 0, 0, 12009
2026/05/29 23:06:02.453, 2, 0, 0, 11961
2026/05/29 23:06:02.454, 3, 0, 0, 12009
2026/05/29 23:06:03.455, 0, 0, 0, 11961
2026/05/29 23:06:03.457, 1, 0, 0, 12009
2026/05/29 23:06:03.458, 2, 0, 0, 11961
2026/05/29 23:06:03.459, 3, 0, 0, 12009
2026/05/29 23:06:04.460, 0, 0, 0, 11961
2026/05/29 23:06:04.461, 1, 0, 0, 12009
2026/05/29 23:06:04.462, 2, 0, 0, 11961
2026/05/29 23:06:04.463, 3, 0, 0, 12009
2026/05/29 23:06:05.465, 0, 0, 0, 11961
2026/05/29 23:06:05.466, 1, 0, 0, 12009
2026/05/29 23:06:05.467, 2, 0, 0, 11961
2026/05/29 23:06:05.475, 3, 0, 0, 12009
2026/05/29 23:06:06.479, 0, 0, 0, 11961
2026/05/29 23:06:06.481, 1, 0, 0, 12009
2026/05/29 23:06:06.482, 2, 0, 0, 11961
2026/05/29 23:06:06.483, 3, 0, 0, 12009
2026/05/29 23:06:07.484, 0, 0, 0, 11961
2026/05/29 23:06:07.485, 1, 0, 0, 12009
2026/05/29 23:06:07.486, 2, 0, 0, 11961
2026/05/29 23:06:07.487, 3, 0, 0, 12009
2026/05/29 23:06:08.489, 0, 0, 0, 11963
2026/05/29 23:06:08.490, 1, 0, 0, 12009
2026/05/29 23:06:08.491, 2, 0, 0, 11963
2026/05/29 23:06:08.492, 3, 0, 0, 12011
2026/05/29 23:06:09.493, 0, 0, 0, 11963
2026/05/29 23:06:09.495, 1, 0, 0, 12011
2026/05/29 23:06:09.496, 2, 0, 0, 11963
2026/05/29 23:06:09.497, 3, 0, 0, 12011
2026/05/29 23:06:10.498, 0, 0, 0, 11963
2026/05/29 23:06:10.499, 1, 0, 0, 12011
2026/05/29 23:06:10.500, 2, 0, 0, 11963
2026/05/29 23:06:10.501, 3, 0, 0, 12011
2026/05/29 23:06:11.503, 0, 0, 0, 11963
2026/05/29 23:06:11.504, 1, 0, 0, 12011
2026/05/29 23:06:11.505, 2, 0, 0, 11963
2026/05/29 23:06:11.506, 3, 0, 0, 12011
2026/05/29 23:06:12.508, 0, 0, 0, 11963
2026/05/29 23:06:12.509, 1, 0, 0, 12013
2026/05/29 23:06:12.510, 2, 0, 0, 11965
2026/05/29 23:06:12.511, 3, 0, 0, 12013
2026/05/29 23:06:13.513, 0, 0, 0, 11965
2026/05/29 23:06:13.514, 1, 0, 0, 12013
2026/05/29 23:06:13.515, 2, 0, 0, 11965
2026/05/29 23:06:13.516, 3, 0, 0, 12013
2026/05/29 23:06:14.517, 0, 0, 0, 11965
2026/05/29 23:06:14.518, 1, 0, 0, 12013
2026/05/29 23:06:14.519, 2, 0, 0, 11965
2026/05/29 23:06:14.521, 3, 0, 0, 12013
2026/05/29 23:06:15.522, 0, 0, 0, 11965
2026/05/29 23:06:15.523, 1, 0, 0, 12013
2026/05/29 23:06:15.524, 2, 0, 0, 11965
2026/05/29 23:06:15.525, 3, 0, 0, 12013
2026/05/29 23:06:16.526, 0, 0, 0, 11965
2026/05/29 23:06:16.527, 1, 0, 0, 12013
2026/05/29 23:06:16.529, 2, 0, 0, 11965
2026/05/29 23:06:16.530, 3, 0, 0, 12013
2026/05/29 23:06:17.531, 0, 0, 0, 11965
2026/05/29 23:06:17.533, 1, 0, 0, 12013
2026/05/29 23:06:17.541, 2, 0, 0, 11965
2026/05/29 23:06:17.542, 3, 0, 0, 12013
2026/05/29 23:06:18.543, 0, 0, 0, 11965
2026/05/29 23:06:18.545, 1, 0, 0, 12013
2026/05/29 23:06:18.546, 2, 0, 0, 11965
2026/05/29 23:06:18.547, 3, 0, 0, 12013
2026/05/29 23:06:19.548, 0, 0, 0, 11965
2026/05/29 23:06:19.549, 1, 0, 0, 12013
2026/05/29 23:06:19.550, 2, 0, 0, 11965
2026/05/29 23:06:19.551, 3, 0, 0, 12013
2026/05/29 23:06:20.553, 0, 0, 0, 11965
2026/05/29 23:06:20.554, 1, 0, 0, 12013
2026/05/29 23:06:20.555, 2, 0, 0, 11965
2026/05/29 23:06:20.556, 3, 0, 0, 12013
2026/05/29 23:06:21.557, 0, 0, 0, 11965
2026/05/29 23:06:21.558, 1, 0, 0, 12013
2026/05/29 23:06:21.559, 2, 0, 0, 11965
2026/05/29 23:06:21.561, 3, 0, 0, 12013
2026/05/29 23:06:22.562, 0, 0, 0, 11965
2026/05/29 23:06:22.563, 1, 0, 0, 12013
2026/05/29 23:06:22.564, 2, 0, 0, 11965
2026/05/29 23:06:22.565, 3, 0, 0, 12013
2026/05/29 23:06:23.567, 0, 0, 0, 11965
2026/05/29 23:06:23.568, 1, 0, 0, 12013
2026/05/29 23:06:23.569, 2, 0, 0, 11965
2026/05/29 23:06:23.574, 3, 0, 0, 12013
2026/05/29 23:06:24.581, 0, 0, 0, 11965
2026/05/29 23:06:24.582, 1, 0, 0, 12013
2026/05/29 23:06:24.583, 2, 0, 0, 11965
2026/05/29 23:06:24.585, 3, 0, 0, 12013
2026/05/29 23:06:25.586, 0, 0, 0, 11965
2026/05/29 23:06:25.587, 1, 0, 0, 12013
2026/05/29 23:06:25.588, 2, 0, 0, 11965
2026/05/29 23:06:25.589, 3, 0, 0, 12013
2026/05/29 23:06:26.591, 0, 0, 0, 11965
2026/05/29 23:06:26.592, 1, 0, 0, 12013
2026/05/29 23:06:26.593, 2, 0, 0, 11965
2026/05/29 23:06:26.594, 3, 0, 0, 12013
2026/05/29 23:06:27.596, 0, 0, 0, 11967
2026/05/29 23:06:27.597, 1, 0, 0, 12015
2026/05/29 23:06:27.598, 2, 0, 0, 11967
2026/05/29 23:06:27.599, 3, 0, 0, 12015
2026/05/29 23:06:28.600, 0, 0, 0, 11967
2026/05/29 23:06:28.601, 1, 0, 0, 12015
2026/05/29 23:06:28.602, 2, 0, 0, 11967
2026/05/29 23:06:28.604, 3, 0, 0, 12015
2026/05/29 23:06:29.605, 0, 0, 0, 11967
2026/05/29 23:06:29.606, 1, 0, 0, 12015
2026/05/29 23:06:29.607, 2, 0, 0, 11967
2026/05/29 23:06:29.608, 3, 0, 0, 12015
2026/05/29 23:06:30.610, 0, 0, 0, 11967
2026/05/29 23:06:30.611, 1, 0, 0, 12017
2026/05/29 23:06:30.613, 2, 0, 0, 11969
2026/05/29 23:06:30.614, 3, 0, 0, 12017
2026/05/29 23:06:31.615, 0, 0, 0, 11969
2026/05/29 23:06:31.616, 1, 0, 0, 12017
2026/05/29 23:06:31.618, 2, 0, 0, 11969
2026/05/29 23:06:31.619, 3, 0, 0, 12017
2026/05/29 23:06:32.620, 0, 0, 0, 11969
2026/05/29 23:06:32.621, 1, 0, 0, 12017
2026/05/29 23:06:32.622, 2, 0, 0, 11969
2026/05/29 23:06:32.623, 3, 0, 0, 12017
2026/05/29 23:06:33.624, 0, 0, 0, 11969
2026/05/29 23:06:33.625, 1, 0, 0, 12017
2026/05/29 23:06:33.627, 2, 0, 0, 11969
2026/05/29 23:06:33.628, 3, 0, 0, 12017
2026/05/29 23:06:34.629, 0, 0, 0, 11969
2026/05/29 23:06:34.630, 1, 0, 0, 12017
2026/05/29 23:06:34.632, 2, 0, 0, 11969
2026/05/29 23:06:34.633, 3, 0, 0, 12017
2026/05/29 23:06:35.634, 0, 0, 0, 11969
2026/05/29 23:06:35.642, 1, 0, 0, 12017
2026/05/29 23:06:35.644, 2, 0, 0, 11969
2026/05/29 23:06:35.645, 3, 0, 0, 12017
2026/05/29 23:06:36.646, 0, 0, 0, 11969
2026/05/29 23:06:36.647, 1, 0, 0, 12017
2026/05/29 23:06:36.648, 2, 16, 12, 11969
2026/05/29 23:06:36.649, 3, 0, 0, 12017
2026/05/29 23:06:37.651, 0, 0, 0, 11969
2026/05/29 23:06:37.652, 1, 0, 0, 12017
2026/05/29 23:06:37.653, 2, 0, 0, 11969
2026/05/29 23:06:37.654, 3, 0, 0, 12017
2026/05/29 23:06:38.655, 0, 0, 0, 11969
2026/05/29 23:06:38.657, 1, 0, 0, 12017
2026/05/29 23:06:38.658, 2, 0, 0, 11969
2026/05/29 23:06:38.659, 3, 0, 0, 12017
2026/05/29 23:06:39.660, 0, 0, 0, 11969
2026/05/29 23:06:39.661, 1, 0, 0, 12017
2026/05/29 23:06:39.662, 2, 0, 0, 11969
2026/05/29 23:06:39.663, 3, 0, 0, 12017
2026/05/29 23:06:40.664, 0, 0, 0, 11969
2026/05/29 23:06:40.665, 1, 0, 0, 12017
2026/05/29 23:06:40.666, 2, 0, 0, 11969
2026/05/29 23:06:40.676, 3, 0, 0, 12017
2026/05/29 23:06:41.680, 0, 0, 0, 11969
2026/05/29 23:06:41.681, 1, 0, 0, 12017
2026/05/29 23:06:41.682, 2, 0, 0, 11969
2026/05/29 23:06:41.683, 3, 0, 0, 12017
2026/05/29 23:06:42.684, 0, 0, 0, 11969
2026/05/29 23:06:42.685, 1, 0, 0, 12017
2026/05/29 23:06:42.686, 2, 0, 0, 11969
2026/05/29 23:06:42.687, 3, 0, 0, 12017
2026/05/29 23:06:43.688, 0, 0, 0, 11969
2026/05/29 23:06:43.690, 1, 0, 0, 12017
2026/05/29 23:06:43.691, 2, 0, 0, 11969
2026/05/29 23:06:43.692, 3, 0, 0, 12017
2026/05/29 23:06:44.693, 0, 0, 0, 11969
2026/05/29 23:06:44.694, 1, 0, 0, 12017
2026/05/29 23:06:44.695, 2, 0, 0, 11969
2026/05/29 23:06:44.696, 3, 0, 0, 12017
2026/05/29 23:06:45.698, 0, 0, 0, 11969
2026/05/29 23:06:45.699, 1, 0, 0, 12017
2026/05/29 23:06:45.700, 2, 0, 0, 11969
2026/05/29 23:06:45.701, 3, 0, 0, 12017
2026/05/29 23:06:46.702, 0, 0, 0, 11969
2026/05/29 23:06:46.703, 1, 0, 0, 12017
2026/05/29 23:06:46.704, 2, 0, 0, 11969
2026/05/29 23:06:46.706, 3, 0, 0, 12019
2026/05/29 23:06:47.707, 0, 0, 0, 11969
2026/05/29 23:06:47.708, 1, 0, 0, 12017
2026/05/29 23:06:47.709, 2, 0, 0, 11971
2026/05/29 23:06:47.711, 3, 0, 0, 12019
2026/05/29 23:06:48.712, 0, 42, 39, 11977
2026/05/29 23:06:48.713, 1, 0, 0, 12027
2026/05/29 23:06:48.716, 2, 36, 33, 11979
2026/05/29 23:06:48.717, 3, 38, 34, 12027
2026/05/29 23:06:49.718, 0, 99, 55, 12061
2026/05/29 23:06:49.719, 1, 98, 59, 12109
2026/05/29 23:06:49.720, 2, 98, 66, 12061
2026/05/29 23:06:49.722, 3, 99, 48, 12109
2026/05/29 23:06:50.723, 0, 97, 71, 13061
2026/05/29 23:06:50.725, 1, 97, 70, 13109
2026/05/29 23:06:50.727, 2, 95, 74, 13061
2026/05/29 23:06:50.729, 3, 97, 76, 13309
2026/05/29 23:06:51.731, 0, 98, 68, 14741
2026/05/29 23:06:51.734, 1, 99, 67, 14789
2026/05/29 23:06:51.744, 2, 98, 67, 14741
2026/05/29 23:06:51.746, 3, 99, 67, 14789
2026/05/29 23:06:52.748, 0, 97, 60, 16201
2026/05/29 23:06:52.750, 1, 98, 62, 16249
2026/05/29 23:06:52.752, 2, 98, 56, 16201
2026/05/29 23:06:52.754, 3, 98, 53, 17049
2026/05/29 23:06:53.756, 0, 99, 53, 18361
2026/05/29 23:06:53.759, 1, 99, 49, 18409
2026/05/29 23:06:53.760, 2, 98, 62, 18361
2026/05/29 23:06:53.763, 3, 98, 62, 18629
2026/05/29 23:06:54.765, 0, 97, 84, 19963
2026/05/29 23:06:54.766, 1, 97, 82, 20011
2026/05/29 23:06:54.768, 2, 97, 84, 19963
2026/05/29 23:06:54.774, 3, 99, 48, 20011
2026/05/29 23:06:55.781, 0, 99, 47, 22243
2026/05/29 23:06:55.785, 1, 99, 48, 21731
2026/05/29 23:06:55.786, 2, 98, 52, 22243
2026/05/29 23:06:55.788, 3, 96, 99, 22431
2026/05/29 23:06:56.790, 0, 99, 52, 23923
2026/05/29 23:06:56.792, 1, 99, 47, 23971
2026/05/29 23:06:56.793, 2, 99, 59, 23923
2026/05/29 23:06:56.796, 3, 97, 66, 23971
2026/05/29 23:06:57.799, 0, 97, 81, 25385
2026/05/29 23:06:57.800, 1, 96, 81, 25433
2026/05/29 23:06:57.802, 2, 97, 72, 25385
2026/05/29 23:06:57.804, 3, 99, 46, 25433
2026/05/29 23:06:58.806, 0, 99, 53, 27405
2026/05/29 23:06:58.808, 1, 98, 62, 27453
2026/05/29 23:06:58.810, 2, 99, 49, 27545
2026/05/29 23:06:58.812, 3, 97, 79, 27813
2026/05/29 23:06:59.814, 0, 98, 69, 29147
2026/05/29 23:06:59.816, 1, 98, 63, 29195
2026/05/29 23:06:59.818, 2, 97, 82, 29147
2026/05/29 23:06:59.819, 3, 98, 60, 29195
2026/05/29 23:07:00.821, 0, 98, 51, 30867
2026/05/29 23:07:00.824, 1, 98, 46, 30895
2026/05/29 23:07:00.827, 2, 99, 48, 31107
2026/05/29 23:07:00.828, 3, 97, 78, 31575
2026/05/29 23:07:01.829, 0, 99, 52, 33109
2026/05/29 23:07:01.832, 1, 99, 53, 33157
2026/05/29 23:07:01.845, 2, 99, 47, 33109
2026/05/29 23:07:01.847, 3, 99, 69, 33157
2026/05/29 23:07:02.849, 0, 98, 58, 34569
2026/05/29 23:07:02.850, 1, 97, 69, 34617
2026/05/29 23:07:02.853, 2, 96, 82, 34569
2026/05/29 23:07:02.855, 3, 99, 51, 34617
2026/05/29 23:07:03.856, 0, 99, 51, 36249
2026/05/29 23:07:03.859, 1, 99, 53, 36277
2026/05/29 23:07:03.861, 2, 98, 65, 36609
2026/05/29 23:07:03.863, 3, 98, 61, 36797
2026/05/29 23:07:04.865, 0, 0, 0, 37411
2026/05/29 23:07:04.866, 1, 0, 0, 37459
2026/05/29 23:07:04.867, 2, 0, 0, 37411
2026/05/29 23:07:04.876, 3, 0, 0, 37459
2026/05/29 23:07:05.880, 0, 99, 56, 38811
2026/05/29 23:07:05.883, 1, 99, 50, 38499
2026/05/29 23:07:05.884, 2, 98, 67, 38951
2026/05/29 23:07:05.887, 3, 98, 63, 39199
2026/05/29 23:07:06.890, 0, 99, 46, 39891
2026/05/29 23:07:06.893, 1, 99, 48, 39939
2026/05/29 23:07:06.895, 2, 97, 68, 40311
2026/05/29 23:07:06.896, 3, 98, 62, 40519
2026/05/29 23:07:07.898, 0, 99, 52, 41413
2026/05/29 23:07:07.900, 1, 99, 49, 41401
2026/05/29 23:07:07.902, 2, 99, 50, 41413
2026/05/29 23:07:07.904, 3, 99, 48, 41461
2026/05/29 23:07:08.906, 0, 99, 53, 42813
2026/05/29 23:07:08.909, 1, 97, 68, 42861
2026/05/29 23:07:08.911, 2, 99, 50, 42913
2026/05/29 23:07:08.912, 3, 99, 50, 43361
2026/05/29 23:07:09.915, 0, 98, 51, 44253
2026/05/29 23:07:09.917, 1, 98, 62, 44301
2026/05/29 23:07:09.918, 2, 99, 47, 44253
2026/05/29 23:07:09.921, 3, 99, 48, 44301
2026/05/29 23:07:10.922, 0, 99, 50, 45715
2026/05/29 23:07:10.924, 1, 98, 58, 45763
2026/05/29 23:07:10.926, 2, 99, 47, 45775
2026/05/29 23:07:10.927, 3, 99, 46, 45823
2026/05/29 23:07:11.929, 0, 97, 73, 47175
2026/05/29 23:07:11.930, 1, 96, 89, 47223
2026/05/29 23:07:11.932, 2, 99, 56, 47175
2026/05/29 23:07:11.934, 3, 98, 64, 47223
2026/05/29 23:07:12.936, 0, 98, 65, 48635
2026/05/29 23:07:12.943, 1, 98, 69, 48683
2026/05/29 23:07:12.944, 2, 98, 53, 48635
2026/05/29 23:07:12.946, 3, 98, 59, 48683
2026/05/29 23:07:13.949, 0, 97, 60, 50075
2026/05/29 23:07:13.951, 1, 96, 80, 50123
2026/05/29 23:07:13.953, 2, 99, 51, 50075
2026/05/29 23:07:13.955, 3, 98, 55, 50185
2026/05/29 23:07:14.957, 0, 95, 93, 51537
2026/05/29 23:07:14.959, 1, 96, 91, 51585
2026/05/29 23:07:14.961, 2, 96, 73, 51537
2026/05/29 23:07:14.962, 3, 97, 86, 51585
2026/05/29 23:07:15.964, 0, 98, 69, 52717
2026/05/29 23:07:15.966, 1, 99, 57, 52765
2026/05/29 23:07:15.967, 2, 97, 73, 52717
2026/05/29 23:07:15.976, 3, 99, 52, 52765
2026/05/29 23:07:16.982, 0, 97, 76, 54277
2026/05/29 23:07:16.983, 1, 98, 67, 54325
2026/05/29 23:07:16.985, 2, 98, 54, 54277
2026/05/29 23:07:16.987, 3, 98, 49, 54905
2026/05/29 23:07:17.989, 0, 99, 52, 56399
2026/05/29 23:07:17.991, 1, 98, 61, 55867
2026/05/29 23:07:17.993, 2, 99, 52, 56539
2026/05/29 23:07:17.995, 3, 98, 84, 56587
2026/05/29 23:07:18.997, 0, 0, 0, 56619
2026/05/29 23:07:18.998, 1, 0, 0, 56667
2026/05/29 23:07:18.999, 2, 0, 0, 56619
2026/05/29 23:07:19.000, 3, 0, 0, 56667
2026/05/29 23:07:20.001, 0, 0, 0, 56619
2026/05/29 23:07:20.002, 1, 0, 0, 56667
2026/05/29 23:07:20.004, 2, 0, 0, 56619
2026/05/29 23:07:20.005, 3, 0, 0, 56667
2026/05/29 23:07:21.006, 0, 0, 0, 56619
2026/05/29 23:07:21.008, 1, 0, 0, 56667
2026/05/29 23:07:21.009, 2, 0, 0, 56619
2026/05/29 23:07:21.010, 3, 0, 0, 56667
2026/05/29 23:07:22.012, 0, 47, 34, 56743
2026/05/29 23:07:22.013, 1, 52, 36, 56791
2026/05/29 23:07:22.014, 2, 29, 25, 56743
2026/05/29 23:07:22.015, 3, 81, 53, 56791
2026/05/29 23:07:23.017, 0, 0, 0, 56743
2026/05/29 23:07:23.018, 1, 0, 0, 56791
2026/05/29 23:07:23.019, 2, 0, 0, 56743
2026/05/29 23:07:23.020, 3, 0, 0, 56791
2026/05/29 23:07:24.021, 0, 0, 0, 56743
2026/05/29 23:07:24.022, 1, 0, 0, 56791
2026/05/29 23:07:24.023, 2, 0, 0, 56743
2026/05/29 23:07:24.025, 3, 0, 0, 56791
2026/05/29 23:07:25.026, 0, 0, 0, 56743
2026/05/29 23:07:25.027, 1, 0, 0, 56791
2026/05/29 23:07:25.028, 2, 0, 0, 56743
2026/05/29 23:07:25.029, 3, 0, 0, 56791
2026/05/29 23:07:26.030, 0, 0, 0, 56743
2026/05/29 23:07:26.032, 1, 24, 21, 56791
2026/05/29 23:07:26.034, 2, 0, 0, 56743
2026/05/29 23:07:26.035, 3, 0, 0, 56791
2026/05/29 23:07:27.037, 0, 27, 15, 56743
2026/05/29 23:07:27.044, 1, 82, 54, 56801
2026/05/29 23:07:27.046, 2, 98, 43, 56743
2026/05/29 23:07:27.048, 3, 98, 50, 56791
2026/05/29 23:07:28.050, 0, 12, 3, 56753
2026/05/29 23:07:28.052, 1, 99, 85, 56801
2026/05/29 23:07:28.054, 2, 0, 0, 56753
2026/05/29 23:07:28.056, 3, 0, 0, 56801
2026/05/29 23:07:29.057, 0, 98, 87, 56753
2026/05/29 23:07:29.059, 1, 0, 0, 56801
2026/05/29 23:07:29.060, 2, 58, 44, 56753
2026/05/29 23:07:29.062, 3, 40, 36, 56801
2026/05/29 23:07:30.063, 0, 0, 0, 56753
2026/05/29 23:07:30.064, 1, 0, 0, 56801
2026/05/29 23:07:30.065, 2, 0, 0, 56753
2026/05/29 23:07:30.067, 3, 0, 0, 56801
2026/05/29 23:07:31.068, 0, 0, 0, 56753
2026/05/29 23:07:31.070, 1, 0, 0, 56801
2026/05/29 23:07:31.071, 2, 0, 0, 56753
2026/05/29 23:07:31.076, 3, 0, 0, 56801
2026/05/29 23:07:32.080, 0, 0, 0, 56753
2026/05/29 23:07:32.082, 1, 0, 0, 56801
2026/05/29 23:07:32.083, 2, 0, 0, 56753
2026/05/29 23:07:32.086, 3, 0, 0, 56801
2026/05/29 23:07:33.087, 0, 0, 0, 56753
2026/05/29 23:07:33.088, 1, 0, 0, 56801
2026/05/29 23:07:33.090, 2, 0, 0, 56753
2026/05/29 23:07:33.092, 3, 0, 0, 56801
2026/05/29 23:07:34.093, 0, 0, 0, 56753
2026/05/29 23:07:34.095, 1, 49, 50, 56801
2026/05/29 23:07:34.097, 2, 0, 0, 56753
2026/05/29 23:07:34.100, 3, 0, 0, 56801
2026/05/29 23:07:35.101, 0, 99, 67, 56753
2026/05/29 23:07:35.103, 1, 98, 53, 56801
2026/05/29 23:07:35.105, 2, 97, 83, 56753
2026/05/29 23:07:35.111, 3, 99, 72, 56801
2026/05/29 23:07:36.113, 0, 96, 73, 56753
2026/05/29 23:07:36.115, 1, 98, 57, 56801
2026/05/29 23:07:36.117, 2, 99, 86, 56753
2026/05/29 23:07:36.121, 3, 96, 78, 56801
2026/05/29 23:07:37.124, 0, 0, 0, 56753
2026/05/29 23:07:37.125, 1, 0, 0, 56801
2026/05/29 23:07:37.126, 2, 0, 0, 56753
2026/05/29 23:07:37.127, 3, 0, 0, 56801
2026/05/29 23:07:38.129, 0, 0, 0, 56753
2026/05/29 23:07:38.130, 1, 0, 0, 56801
2026/05/29 23:07:38.131, 2, 0, 0, 56753
2026/05/29 23:07:38.132, 3, 0, 0, 56801
2026/05/29 23:07:39.133, 0, 0, 0, 56753
2026/05/29 23:07:39.142, 1, 0, 0, 56801
2026/05/29 23:07:39.143, 2, 0, 0, 56753
2026/05/29 23:07:39.144, 3, 0, 0, 56803
2026/05/29 23:07:40.146, 0, 0, 0, 56753
2026/05/29 23:07:40.147, 1, 0, 0, 56801
2026/05/29 23:07:40.148, 2, 0, 0, 56755
2026/05/29 23:07:40.149, 3, 0, 0, 56803
2026/05/29 23:07:41.150, 0, 0, 0, 56753
2026/05/29 23:07:41.151, 1, 0, 0, 56803
2026/05/29 23:07:41.153, 2, 0, 0, 56755
2026/05/29 23:07:41.154, 3, 0, 0, 56803
2026/05/29 23:07:42.155, 0, 0, 0, 56755
2026/05/29 23:07:42.156, 1, 0, 0, 56803
2026/05/29 23:07:42.157, 2, 0, 0, 56755
2026/05/29 23:07:42.158, 3, 0, 0, 56803
2026/05/29 23:07:43.159, 0, 0, 0, 56755
2026/05/29 23:07:43.161, 1, 98, 64, 56805
2026/05/29 23:07:43.162, 2, 98, 64, 56757
2026/05/29 23:07:43.164, 3, 0, 0, 56805
2026/05/29 23:07:44.165, 0, 97, 61, 56757
2026/05/29 23:07:44.167, 1, 98, 83, 56805
2026/05/29 23:07:44.169, 2, 98, 83, 56757
2026/05/29 23:07:44.175, 3, 98, 63, 56805
2026/05/29 23:07:45.185, 0, 97, 56, 56757
2026/05/29 23:07:45.188, 1, 0, 0, 56805
2026/05/29 23:07:45.189, 2, 0, 0, 56757
2026/05/29 23:07:45.190, 3, 13, 14, 56805
2026/05/29 23:07:46.192, 0, 0, 0, 56757
2026/05/29 23:07:46.193, 1, 0, 0, 56805
2026/05/29 23:07:46.195, 2, 0, 0, 56757
2026/05/29 23:07:46.196, 3, 0, 0, 56805
2026/05/29 23:07:47.197, 0, 0, 0, 56757
2026/05/29 23:07:47.198, 1, 0, 0, 56805
2026/05/29 23:07:47.199, 2, 0, 0, 56757
2026/05/29 23:07:47.200, 3, 0, 0, 56805
2026/05/29 23:07:48.201, 0, 0, 0, 56757
2026/05/29 23:07:48.203, 1, 0, 0, 56805
2026/05/29 23:07:48.204, 2, 0, 0, 56757
2026/05/29 23:07:48.205, 3, 0, 0, 56805
2026/05/29 23:07:49.206, 0, 0, 0, 56757
2026/05/29 23:07:49.208, 1, 0, 0, 56805
2026/05/29 23:07:49.209, 2, 0, 0, 56757
2026/05/29 23:07:49.210, 3, 0, 0, 56805
2026/05/29 23:07:50.211, 0, 0, 0, 56757
2026/05/29 23:07:50.213, 1, 0, 0, 56805
2026/05/29 23:07:50.214, 2, 0, 0, 56757
2026/05/29 23:07:50.215, 3, 0, 0, 56805
2026/05/29 23:07:51.216, 0, 0, 0, 56757
2026/05/29 23:07:51.218, 1, 0, 0, 56805
2026/05/29 23:07:51.222, 2, 36, 24, 56757
2026/05/29 23:07:51.224, 3, 0, 0, 56805
2026/05/29 23:07:52.225, 0, 98, 77, 56757
2026/05/29 23:07:52.228, 1, 98, 51, 56805
2026/05/29 23:07:52.232, 2, 98, 61, 56757
2026/05/29 23:07:52.235, 3, 97, 64, 56805
2026/05/29 23:07:53.237, 0, 97, 73, 56757
2026/05/29 23:07:53.245, 1, 96, 59, 56805
2026/05/29 23:07:53.250, 2, 97, 51, 56757
2026/05/29 23:07:53.252, 3, 97, 76, 56805
2026/05/29 23:07:54.254, 0, 94, 72, 56757
2026/05/29 23:07:54.258, 1, 97, 72, 56805
2026/05/29 23:07:54.261, 2, 98, 74, 56757
2026/05/29 23:07:54.262, 3, 97, 70, 56805
2026/05/29 23:07:55.264, 0, 35, 28, 56757
2026/05/29 23:07:55.268, 1, 97, 73, 56805
2026/05/29 23:07:55.271, 2, 56, 48, 56757
2026/05/29 23:07:55.276, 3, 98, 54, 56805
2026/05/29 23:07:56.286, 0, 57, 52, 56759
2026/05/29 23:07:56.288, 1, 98, 71, 56807
2026/05/29 23:07:56.290, 2, 51, 44, 56759
2026/05/29 23:07:56.292, 3, 98, 57, 56807
2026/05/29 23:07:57.297, 0, 60, 51, 56759
2026/05/29 23:07:57.299, 1, 98, 79, 56807
2026/05/29 23:07:57.301, 2, 79, 62, 56759
2026/05/29 23:07:57.303, 3, 98, 68, 56807
2026/05/29 23:07:58.309, 0, 4, 3, 56759
2026/05/29 23:07:58.310, 1, 89, 76, 56807
2026/05/29 23:07:58.311, 2, 36, 28, 56759
2026/05/29 23:07:58.312, 3, 98, 55, 56807
2026/05/29 23:07:59.314, 0, 98, 73, 56759
2026/05/29 23:07:59.316, 1, 0, 0, 56807
2026/05/29 23:07:59.317, 2, 0, 0, 56759
2026/05/29 23:07:59.318, 3, 0, 0, 56807
2026/05/29 23:08:00.319, 0, 0, 0, 56759
2026/05/29 23:08:00.320, 1, 0, 0, 56807
2026/05/29 23:08:00.321, 2, 0, 0, 56759
2026/05/29 23:08:00.323, 3, 0, 0, 56807
2026/05/29 23:08:01.324, 0, 0, 0, 56759
2026/05/29 23:08:01.325, 1, 0, 0, 56807
2026/05/29 23:08:01.326, 2, 0, 0, 56759
2026/05/29 23:08:01.327, 3, 0, 0, 56807
2026/05/29 23:08:02.329, 0, 0, 0, 56759
2026/05/29 23:08:02.330, 1, 0, 0, 56807
2026/05/29 23:08:02.331, 2, 0, 0, 56759
2026/05/29 23:08:02.332, 3, 0, 0, 56807
2026/05/29 23:08:03.333, 0, 0, 0, 56759
2026/05/29 23:08:03.344, 1, 98, 72, 56807
2026/05/29 23:08:03.346, 2, 98, 72, 56759
2026/05/29 23:08:03.348, 3, 0, 0, 56807
2026/05/29 23:08:04.350, 0, 98, 79, 56759
2026/05/29 23:08:04.351, 1, 0, 0, 56807
2026/05/29 23:08:04.353, 2, 0, 0, 56759
2026/05/29 23:08:04.354, 3, 99, 88, 56807
2026/05/29 23:08:05.356, 0, 0, 0, 56759
2026/05/29 23:08:05.358, 1, 0, 0, 56807
2026/05/29 23:08:05.359, 2, 0, 0, 56759
2026/05/29 23:08:05.360, 3, 0, 0, 56807
2026/05/29 23:08:06.361, 0, 0, 0, 56759
2026/05/29 23:08:06.363, 1, 0, 0, 56807
2026/05/29 23:08:06.364, 2, 0, 0, 56759
2026/05/29 23:08:06.365, 3, 0, 0, 56807
2026/05/29 23:08:07.366, 0, 0, 0, 56759
2026/05/29 23:08:07.368, 1, 0, 0, 56807
2026/05/29 23:08:07.369, 2, 0, 0, 56759
2026/05/29 23:08:07.376, 3, 0, 0, 56807
2026/05/29 23:08:08.382, 0, 0, 0, 56759
2026/05/29 23:08:08.383, 1, 0, 0, 56807
2026/05/29 23:08:08.384, 2, 0, 0, 56759
2026/05/29 23:08:08.386, 3, 0, 0, 56807
2026/05/29 23:08:09.387, 0, 0, 0, 56759
2026/05/29 23:08:09.388, 1, 0, 0, 56807
2026/05/29 23:08:09.389, 2, 0, 0, 56759
2026/05/29 23:08:09.390, 3, 0, 0, 56809
2026/05/29 23:08:10.391, 0, 0, 0, 56759
2026/05/29 23:08:10.393, 1, 97, 67, 56807
2026/05/29 23:08:10.395, 2, 98, 77, 56759
2026/05/29 23:08:10.397, 3, 91, 62, 56809
2026/05/29 23:08:11.399, 0, 91, 71, 56759
2026/05/29 23:08:11.401, 1, 98, 84, 56807
2026/05/29 23:08:11.402, 2, 96, 95, 56759
2026/05/29 23:08:11.404, 3, 93, 79, 56809
2026/05/29 23:08:12.408, 0, 98, 75, 56759
2026/05/29 23:08:12.409, 1, 0, 0, 56807
2026/05/29 23:08:12.411, 2, 0, 0, 56759
2026/05/29 23:08:12.412, 3, 58, 43, 56809
2026/05/29 23:08:13.413, 0, 0, 0, 56759
2026/05/29 23:08:13.415, 1, 0, 0, 56807
2026/05/29 23:08:13.416, 2, 0, 0, 56759
2026/05/29 23:08:13.417, 3, 0, 0, 56809
2026/05/29 23:08:14.418, 0, 0, 0, 56759
2026/05/29 23:08:14.419, 1, 0, 0, 56809
2026/05/29 23:08:14.421, 2, 0, 0, 56761
2026/05/29 23:08:14.422, 3, 0, 0, 56809
2026/05/29 23:08:15.423, 0, 0, 0, 56761
2026/05/29 23:08:15.424, 1, 0, 0, 56809
2026/05/29 23:08:15.425, 2, 0, 0, 56761
2026/05/29 23:08:15.427, 3, 0, 0, 56809
2026/05/29 23:08:16.428, 0, 0, 0, 56761
2026/05/29 23:08:16.430, 1, 0, 0, 56809
2026/05/29 23:08:16.431, 2, 0, 0, 56761
2026/05/29 23:08:16.434, 3, 0, 0, 56809
2026/05/29 23:08:17.435, 0, 98, 70, 56761
2026/05/29 23:08:17.444, 1, 98, 87, 56809
2026/05/29 23:08:17.447, 2, 98, 67, 56761
2026/05/29 23:08:17.449, 3, 98, 70, 56809
2026/05/29 23:08:18.451, 0, 98, 53, 56761
2026/05/29 23:08:18.453, 1, 97, 73, 56809
2026/05/29 23:08:18.455, 2, 98, 59, 56761
2026/05/29 23:08:18.457, 3, 49, 46, 56809
2026/05/29 23:08:19.459, 0, 98, 82, 56761
2026/05/29 23:08:19.461, 1, 60, 53, 56809
2026/05/29 23:08:19.462, 2, 90, 77, 56761
2026/05/29 23:08:19.464, 3, 97, 61, 56809
2026/05/29 23:08:20.466, 0, 97, 52, 56761
2026/05/29 23:08:20.468, 1, 98, 66, 56809
2026/05/29 23:08:20.472, 2, 98, 62, 56761
2026/05/29 23:08:20.477, 3, 97, 86, 56809
2026/05/29 23:08:21.481, 0, 56, 48, 56761
2026/05/29 23:08:21.484, 1, 69, 64, 56809
2026/05/29 23:08:21.485, 2, 87, 79, 56761
2026/05/29 23:08:21.487, 3, 98, 59, 56809
2026/05/29 23:08:22.488, 0, 98, 57, 56761
2026/05/29 23:08:22.490, 1, 98, 73, 56809
2026/05/29 23:08:22.492, 2, 98, 65, 56763
2026/05/29 23:08:22.494, 3, 53, 49, 56811
2026/05/29 23:08:23.495, 0, 99, 88, 56763
2026/05/29 23:08:23.497, 1, 0, 0, 56811
2026/05/29 23:08:23.498, 2, 0, 0, 56763
2026/05/29 23:08:23.499, 3, 98, 66, 56811
2026/05/29 23:08:24.501, 0, 0, 0, 56763
2026/05/29 23:08:24.502, 1, 0, 0, 56811
2026/05/29 23:08:24.503, 2, 0, 0, 56763
2026/05/29 23:08:24.504, 3, 0, 0, 56811
2026/05/29 23:08:25.505, 0, 0, 0, 56763
2026/05/29 23:08:25.507, 1, 0, 0, 56811
2026/05/29 23:08:25.508, 2, 0, 0, 56763
2026/05/29 23:08:25.509, 3, 0, 0, 56811
2026/05/29 23:08:26.510, 0, 0, 0, 56763
2026/05/29 23:08:26.512, 1, 0, 0, 56811
2026/05/29 23:08:26.513, 2, 0, 0, 56763
2026/05/29 23:08:26.514, 3, 0, 0, 56811
2026/05/29 23:08:27.515, 0, 0, 0, 56763
2026/05/29 23:08:27.516, 1, 94, 75, 56811
2026/05/29 23:08:27.518, 2, 98, 70, 56763
2026/05/29 23:08:27.520, 3, 0, 0, 56811
2026/05/29 23:08:28.521, 0, 90, 66, 56763
2026/05/29 23:08:28.524, 1, 55, 44, 56811
2026/05/29 23:08:28.525, 2, 92, 67, 56763
2026/05/29 23:08:28.527, 3, 95, 66, 56811
2026/05/29 23:08:29.528, 0, 52, 48, 59145
2026/05/29 23:08:29.530, 1, 100, 0, 59193
2026/05/29 23:08:29.532, 2, 100, 0, 59145
2026/05/29 23:08:29.533, 3, 100, 0, 59193
2026/05/29 23:08:30.535, 0, 0, 0, 59145
2026/05/29 23:08:30.543, 1, 0, 0, 59193
2026/05/29 23:08:30.544, 2, 0, 0, 59145
2026/05/29 23:08:30.546, 3, 0, 0, 59193
2026/05/29 23:08:31.547, 0, 0, 0, 59145
2026/05/29 23:08:31.548, 1, 0, 0, 59193
2026/05/29 23:08:31.549, 2, 0, 0, 59145
2026/05/29 23:08:31.550, 3, 0, 0, 59193
2026/05/29 23:08:32.551, 0, 0, 0, 59145
2026/05/29 23:08:32.553, 1, 0, 0, 59193
2026/05/29 23:08:32.554, 2, 0, 0, 59145
2026/05/29 23:08:32.555, 3, 0, 0, 59193
2026/05/29 23:08:33.556, 0, 0, 0, 59145
2026/05/29 23:08:33.558, 1, 0, 0, 59193
2026/05/29 23:08:33.559, 2, 0, 0, 59145
2026/05/29 23:08:33.560, 3, 0, 0, 59193
2026/05/29 23:08:34.561, 0, 0, 0, 59145
2026/05/29 23:08:34.562, 1, 0, 0, 59193
2026/05/29 23:08:34.563, 2, 0, 0, 59145
2026/05/29 23:08:34.564, 3, 0, 0, 59193
2026/05/29 23:08:35.565, 0, 0, 0, 59145
2026/05/29 23:08:35.566, 1, 0, 0, 59193
2026/05/29 23:08:35.567, 2, 0, 0, 59145
2026/05/29 23:08:35.575, 3, 0, 0, 59193
2026/05/29 23:08:36.583, 0, 0, 0, 59145
2026/05/29 23:08:36.584, 1, 0, 0, 59193
2026/05/29 23:08:36.585, 2, 0, 0, 59145
2026/05/29 23:08:36.586, 3, 0, 0, 59193
2026/05/29 23:08:37.587, 0, 0, 0, 59145
2026/05/29 23:08:37.588, 1, 0, 0, 59193
2026/05/29 23:08:37.589, 2, 0, 0, 59145
2026/05/29 23:08:37.590, 3, 0, 0, 59193
2026/05/29 23:08:38.592, 0, 0, 0, 59145
2026/05/29 23:08:38.593, 1, 0, 0, 59193
2026/05/29 23:08:38.594, 2, 0, 0, 59145
2026/05/29 23:08:38.595, 3, 0, 0, 59193
2026/05/29 23:08:39.597, 0, 0, 0, 59145
2026/05/29 23:08:39.598, 1, 0, 0, 59193
2026/05/29 23:08:39.599, 2, 0, 0, 59145
2026/05/29 23:08:39.600, 3, 0, 0, 59193
2026/05/29 23:08:40.601, 0, 0, 0, 59145
2026/05/29 23:08:40.602, 1, 0, 0, 59193
2026/05/29 23:08:40.603, 2, 0, 0, 59145
2026/05/29 23:08:40.605, 3, 0, 0, 59195
2026/05/29 23:08:41.606, 0, 0, 0, 59145
2026/05/29 23:08:41.607, 1, 0, 0, 59193
2026/05/29 23:08:41.608, 2, 0, 0, 59145
2026/05/29 23:08:41.609, 3, 0, 0, 59195
2026/05/29 23:08:42.610, 0, 0, 0, 59147
2026/05/29 23:08:42.611, 1, 0, 0, 59195
2026/05/29 23:08:42.613, 2, 0, 0, 59145
2026/05/29 23:08:42.614, 3, 0, 0, 59195
2026/05/29 23:08:43.615, 0, 0, 0, 59147
2026/05/29 23:08:43.616, 1, 0, 0, 59195
2026/05/29 23:08:43.617, 2, 0, 0, 59147
2026/05/29 23:08:43.618, 3, 0, 0, 59195
2026/05/29 23:08:44.619, 0, 0, 0, 59147
2026/05/29 23:08:44.621, 1, 0, 0, 59195
2026/05/29 23:08:44.622, 2, 0, 0, 59147
2026/05/29 23:08:44.623, 3, 0, 0, 59195
2026/05/29 23:08:45.624, 0, 0, 0, 59147
2026/05/29 23:08:45.625, 1, 0, 0, 59195
2026/05/29 23:08:45.626, 2, 0, 0, 59147
2026/05/29 23:08:45.628, 3, 0, 0, 59195
2026/05/29 23:08:46.629, 0, 0, 0, 59149
2026/05/29 23:08:46.631, 1, 0, 0, 59195
2026/05/29 23:08:46.632, 2, 0, 0, 59149
2026/05/29 23:08:46.633, 3, 0, 0, 59197
2026/05/29 23:08:47.634, 0, 0, 0, 59149
2026/05/29 23:08:47.644, 1, 0, 0, 59197
2026/05/29 23:08:47.645, 2, 0, 0, 59149
2026/05/29 23:08:47.646, 3, 0, 0, 59197
2026/05/29 23:08:48.648, 0, 0, 0, 59149
2026/05/29 23:08:48.649, 1, 0, 0, 59197
2026/05/29 23:08:48.650, 2, 0, 0, 59149
2026/05/29 23:08:48.651, 3, 0, 0, 59197
2026/05/29 23:08:49.652, 0, 0, 0, 59149
2026/05/29 23:08:49.654, 1, 0, 0, 59197
2026/05/29 23:08:49.655, 2, 0, 0, 59149
2026/05/29 23:08:49.656, 3, 0, 0, 59197
2026/05/29 23:08:50.657, 0, 0, 0, 59149
2026/05/29 23:08:50.658, 1, 0, 0, 59197
2026/05/29 23:08:50.659, 2, 0, 0, 59149
2026/05/29 23:08:50.660, 3, 0, 0, 59197
2026/05/29 23:08:51.661, 0, 0, 0, 59149
2026/05/29 23:08:51.663, 1, 0, 0, 59197
2026/05/29 23:08:51.664, 2, 0, 0, 59149
2026/05/29 23:08:51.665, 3, 0, 0, 59199
2026/05/29 23:08:52.666, 0, 0, 0, 59151
2026/05/29 23:08:52.667, 1, 0, 0, 59197
2026/05/29 23:08:52.668, 2, 0, 0, 59149
2026/05/29 23:08:52.678, 3, 0, 0, 59199
2026/05/29 23:08:53.682, 0, 0, 0, 59151
2026/05/29 23:08:53.683, 1, 0, 0, 59199
2026/05/29 23:08:53.684, 2, 0, 0, 59151
2026/05/29 23:08:53.685, 3, 0, 0, 59199
2026/05/29 23:08:54.686, 0, 0, 0, 59151
2026/05/29 23:08:54.687, 1, 0, 0, 59199
2026/05/29 23:08:54.689, 2, 0, 0, 59151
2026/05/29 23:08:54.690, 3, 0, 0, 59199
2026/05/29 23:08:55.691, 0, 0, 0, 59151
2026/05/29 23:08:55.692, 1, 0, 0, 59199
2026/05/29 23:08:55.693, 2, 0, 0, 59151
2026/05/29 23:08:55.694, 3, 0, 0, 59201
2026/05/29 23:08:56.695, 0, 0, 0, 59153
2026/05/29 23:08:56.697, 1, 0, 0, 59201
2026/05/29 23:08:56.698, 2, 0, 0, 59153
2026/05/29 23:08:56.699, 3, 0, 0, 59201
2026/05/29 23:08:57.700, 0, 0, 0, 59153
2026/05/29 23:08:57.701, 1, 0, 0, 59201
2026/05/29 23:08:57.702, 2, 0, 0, 59153
2026/05/29 23:08:57.703, 3, 0, 0, 59201
2026/05/29 23:08:58.704, 0, 0, 0, 59153
2026/05/29 23:08:58.706, 1, 0, 0, 59201
2026/05/29 23:08:58.707, 2, 0, 0, 59153
2026/05/29 23:08:58.708, 3, 0, 0, 59201
2026/05/29 23:08:59.710, 0, 0, 0, 59153
2026/05/29 23:08:59.711, 1, 0, 0, 59201
2026/05/29 23:08:59.712, 2, 0, 0, 59153
2026/05/29 23:08:59.713, 3, 0, 0, 59201
2026/05/29 23:09:00.714, 0, 0, 0, 59153
2026/05/29 23:09:00.716, 1, 0, 0, 59201
2026/05/29 23:09:00.717, 2, 0, 0, 59153
2026/05/29 23:09:00.718, 3, 0, 0, 59201
2026/05/29 23:09:01.719, 0, 0, 0, 59153
2026/05/29 23:09:01.720, 1, 0, 0, 59201
2026/05/29 23:09:01.721, 2, 0, 0, 59153
2026/05/29 23:09:01.722, 3, 0, 0, 59201
2026/05/29 23:09:02.723, 0, 0, 0, 59153
2026/05/29 23:09:02.725, 1, 0, 0, 59201
2026/05/29 23:09:02.726, 2, 94, 91, 59153
2026/05/29 23:09:02.729, 3, 0, 0, 59203
2026/05/29 23:09:03.731, 0, 98, 53, 59153
2026/05/29 23:09:03.733, 1, 98, 74, 59201
2026/05/29 23:09:03.736, 2, 99, 50, 59153
2026/05/29 23:09:03.737, 3, 98, 54, 59203
2026/05/29 23:09:04.739, 0, 99, 52, 59153
2026/05/29 23:09:04.746, 1, 99, 50, 59201
2026/05/29 23:09:04.747, 2, 99, 47, 59153
2026/05/29 23:09:04.750, 3, 99, 50, 59203
2026/05/29 23:09:05.752, 0, 99, 47, 59153
2026/05/29 23:09:05.754, 1, 99, 45, 59201
2026/05/29 23:09:05.756, 2, 99, 49, 59153
2026/05/29 23:09:05.758, 3, 99, 46, 59203
2026/05/29 23:09:06.760, 0, 99, 48, 59153
2026/05/29 23:09:06.762, 1, 99, 55, 59201
2026/05/29 23:09:06.764, 2, 99, 50, 59153
2026/05/29 23:09:06.766, 3, 99, 51, 59203
2026/05/29 23:09:07.768, 0, 99, 50, 59153
2026/05/29 23:09:07.770, 1, 99, 52, 59201
2026/05/29 23:09:07.772, 2, 99, 56, 59153
2026/05/29 23:09:07.779, 3, 99, 59, 59203
2026/05/29 23:09:08.785, 0, 99, 47, 59153
2026/05/29 23:09:08.786, 1, 99, 47, 59201
2026/05/29 23:09:08.788, 2, 99, 53, 59153
2026/05/29 23:09:08.790, 3, 98, 56, 59203
2026/05/29 23:09:09.792, 0, 99, 56, 59153
2026/05/29 23:09:09.794, 1, 99, 50, 59201
2026/05/29 23:09:09.796, 2, 99, 48, 59153
2026/05/29 23:09:09.798, 3, 99, 51, 59203
2026/05/29 23:09:10.800, 0, 99, 52, 59153
2026/05/29 23:09:10.802, 1, 99, 44, 59201
2026/05/29 23:09:10.804, 2, 99, 52, 59153
2026/05/29 23:09:10.805, 3, 99, 51, 59203
2026/05/29 23:09:11.808, 0, 99, 47, 59153
2026/05/29 23:09:11.809, 1, 99, 57, 59201
2026/05/29 23:09:11.811, 2, 99, 43, 59153
2026/05/29 23:09:11.813, 3, 99, 46, 59203
2026/05/29 23:09:12.815, 0, 99, 50, 59153
2026/05/29 23:09:12.816, 1, 98, 53, 59201
2026/05/29 23:09:12.818, 2, 98, 58, 59153
2026/05/29 23:09:12.820, 3, 99, 50, 59203
2026/05/29 23:09:13.822, 0, 99, 44, 59153
2026/05/29 23:09:13.824, 1, 99, 45, 59201
2026/05/29 23:09:13.826, 2, 99, 47, 59153
2026/05/29 23:09:13.828, 3, 99, 52, 59203
2026/05/29 23:09:14.830, 0, 99, 52, 59153
2026/05/29 23:09:14.831, 1, 99, 46, 59201
2026/05/29 23:09:14.834, 2, 99, 53, 59155
2026/05/29 23:09:14.835, 3, 99, 52, 59203
2026/05/29 23:09:15.837, 0, 99, 45, 60255
2026/05/29 23:09:15.847, 1, 99, 49, 59203
2026/05/29 23:09:15.849, 2, 99, 50, 60315
2026/05/29 23:09:15.851, 3, 99, 45, 60305
2026/05/29 23:09:16.853, 0, 99, 53, 62435
2026/05/29 23:09:16.855, 1, 99, 47, 61043
2026/05/29 23:09:16.857, 2, 99, 45, 62435
2026/05/29 23:09:16.859, 3, 99, 52, 62485
2026/05/29 23:09:17.861, 0, 98, 52, 63897
2026/05/29 23:09:17.863, 1, 98, 55, 63225
2026/05/29 23:09:17.865, 2, 99, 52, 64617
2026/05/29 23:09:17.867, 3, 99, 53, 63947
2026/05/29 23:09:18.868, 0, 98, 51, 66097
2026/05/29 23:09:18.870, 1, 99, 48, 64745
2026/05/29 23:09:18.873, 2, 99, 46, 66797
2026/05/29 23:09:18.879, 3, 98, 50, 66147
2026/05/29 23:09:19.883, 0, 99, 45, 68279
2026/05/29 23:09:19.884, 1, 99, 53, 66927
2026/05/29 23:09:19.886, 2, 99, 52, 68979
2026/05/29 23:09:19.889, 3, 99, 48, 68329
2026/05/29 23:09:20.891, 0, 98, 56, 69439
2026/05/29 23:09:20.893, 1, 99, 50, 69027
2026/05/29 23:09:20.895, 2, 99, 51, 70279
2026/05/29 23:09:20.896, 3, 98, 56, 69489
2026/05/29 23:09:21.898, 0, 99, 50, 72541
2026/05/29 23:09:21.900, 1, 99, 45, 71047
2026/05/29 23:09:21.902, 2, 99, 46, 72541
2026/05/29 23:09:21.904, 3, 99, 47, 72591
2026/05/29 23:09:22.906, 0, 65, 21, 73341
2026/05/29 23:09:22.907, 1, 63, 36, 73389
2026/05/29 23:09:22.910, 2, 64, 32, 73341
2026/05/29 23:09:22.912, 3, 67, 6, 73471
2026/05/29 23:09:23.914, 0, 0, 0, 73421
2026/05/29 23:09:23.915, 1, 100, 0, 73469
2026/05/29 23:09:23.916, 2, 100, 0, 73423
2026/05/29 23:09:23.918, 3, 100, 0, 73471
2026/05/29 23:09:24.919, 0, 98, 86, 73423
2026/05/29 23:09:24.920, 1, 100, 0, 73471
2026/05/29 23:09:24.921, 2, 100, 0, 73423
2026/05/29 23:09:24.923, 3, 100, 0, 73471
2026/05/29 23:09:25.924, 0, 0, 0, 73423
2026/05/29 23:09:25.925, 1, 99, 71, 73471
2026/05/29 23:09:25.928, 2, 99, 72, 73423
2026/05/29 23:09:25.930, 3, 98, 73, 73471
2026/05/29 23:09:26.933, 0, 98, 58, 73423
2026/05/29 23:09:26.935, 1, 100, 0, 73471
2026/05/29 23:09:26.944, 2, 100, 0, 73423
2026/05/29 23:09:26.945, 3, 100, 0, 73471
2026/05/29 23:09:27.947, 0, 0, 0, 73423
2026/05/29 23:09:27.948, 1, 99, 69, 73471
2026/05/29 23:09:27.950, 2, 98, 74, 73423
2026/05/29 23:09:27.951, 3, 98, 59, 73471
2026/05/29 23:09:28.953, 0, 98, 58, 73423
2026/05/29 23:09:28.955, 1, 100, 0, 73471
2026/05/29 23:09:28.956, 2, 100, 0, 73423
2026/05/29 23:09:28.958, 3, 100, 0, 73471
2026/05/29 23:09:29.959, 0, 0, 0, 73423
2026/05/29 23:09:29.960, 1, 98, 58, 73471
2026/05/29 23:09:29.962, 2, 97, 59, 73423
2026/05/29 23:09:29.963, 3, 98, 49, 73471
2026/05/29 23:09:30.965, 0, 0, 0, 73423
2026/05/29 23:09:30.967, 1, 100, 0, 73471
2026/05/29 23:09:30.968, 2, 100, 0, 73423
2026/05/29 23:09:30.977, 3, 100, 0, 73471
2026/05/29 23:09:31.983, 0, 56, 42, 73423
2026/05/29 23:09:31.985, 1, 83, 45, 73471
2026/05/29 23:09:31.987, 2, 82, 55, 73423
2026/05/29 23:09:31.989, 3, 98, 67, 73471
2026/05/29 23:09:32.990, 0, 86, 10, 73423
2026/05/29 23:09:32.992, 1, 74, 59, 73471
2026/05/29 23:09:32.994, 2, 59, 45, 73425
2026/05/29 23:09:32.996, 3, 83, 60, 73473
2026/05/29 23:09:33.997, 0, 85, 52, 73425
2026/05/29 23:09:33.999, 1, 56, 44, 73473
2026/05/29 23:09:34.001, 2, 60, 47, 73425
2026/05/29 23:09:34.002, 3, 98, 63, 73473
2026/05/29 23:09:35.004, 0, 100, 0, 73425
2026/05/29 23:09:35.006, 1, 97, 77, 73473
2026/05/29 23:09:35.008, 2, 83, 58, 73425
2026/05/29 23:09:35.010, 3, 83, 48, 73473
2026/05/29 23:09:36.012, 0, 100, 8, 73425
2026/05/29 23:09:36.014, 1, 99, 35, 73473
2026/05/29 23:09:36.017, 2, 100, 12, 73425
2026/05/29 23:09:36.019, 3, 71, 56, 73473
2026/05/29 23:09:37.021, 0, 91, 44, 73425
2026/05/29 23:09:37.022, 1, 89, 45, 73473
2026/05/29 23:09:37.024, 2, 84, 40, 73425
2026/05/29 23:09:37.025, 3, 61, 49, 73473
2026/05/29 23:09:38.027, 0, 0, 0, 73425
2026/05/29 23:09:38.029, 1, 100, 3, 73473
2026/05/29 23:09:38.030, 2, 98, 81, 73425
2026/05/29 23:09:38.031, 3, 100, 0, 73473
2026/05/29 23:09:39.033, 0, 0, 0, 73425
2026/05/29 23:09:39.035, 1, 100, 0, 73473
2026/05/29 23:09:39.045, 2, 100, 0, 73425
2026/05/29 23:09:39.046, 3, 100, 0, 73473
2026/05/29 23:09:40.047, 0, 98, 82, 73425
2026/05/29 23:09:40.048, 1, 100, 0, 73473
2026/05/29 23:09:40.050, 2, 100, 0, 73425
2026/05/29 23:09:40.051, 3, 100, 0, 73473
2026/05/29 23:09:41.052, 0, 0, 0, 73425
2026/05/29 23:09:41.053, 1, 100, 0, 73473
2026/05/29 23:09:41.055, 2, 98, 70, 73425
2026/05/29 23:09:41.056, 3, 99, 23, 73475
2026/05/29 23:09:42.058, 0, 98, 71, 73425
2026/05/29 23:09:42.060, 1, 100, 0, 73473
2026/05/29 23:09:42.061, 2, 100, 0, 73425
2026/05/29 23:09:42.062, 3, 100, 0, 73475
2026/05/29 23:09:43.063, 0, 0, 0, 73425
2026/05/29 23:09:43.064, 1, 100, 0, 73473
2026/05/29 23:09:43.065, 2, 100, 6, 73425
2026/05/29 23:09:43.066, 3, 100, 0, 73475
2026/05/29 23:09:44.068, 0, 66, 53, 73427
2026/05/29 23:09:44.070, 1, 86, 56, 73475
2026/05/29 23:09:44.072, 2, 86, 63, 73427
2026/05/29 23:09:44.078, 3, 87, 34, 73475
2026/05/29 23:09:45.084, 0, 98, 66, 73427
2026/05/29 23:09:45.087, 1, 98, 72, 73475
2026/05/29 23:09:45.088, 2, 98, 82, 73427
2026/05/29 23:09:45.092, 3, 98, 62, 73475
2026/05/29 23:09:46.094, 0, 71, 60, 73427
2026/05/29 23:09:46.096, 1, 78, 55, 73475
2026/05/29 23:09:46.099, 2, 77, 46, 73427
2026/05/29 23:09:46.101, 3, 98, 78, 73475
2026/05/29 23:09:47.102, 0, 99, 73, 73427
2026/05/29 23:09:47.104, 1, 99, 73, 73475
2026/05/29 23:09:47.106, 2, 99, 72, 73427
2026/05/29 23:09:47.108, 3, 97, 63, 73475
2026/05/29 23:09:48.110, 0, 98, 70, 73427
2026/05/29 23:09:48.112, 1, 98, 73, 73475
2026/05/29 23:09:48.113, 2, 98, 69, 73427
2026/05/29 23:09:48.115, 3, 70, 57, 73475
2026/05/29 23:09:49.116, 0, 98, 83, 73427
2026/05/29 23:09:49.118, 1, 98, 86, 73475
2026/05/29 23:09:49.119, 2, 98, 80, 73427
2026/05/29 23:09:49.120, 3, 98, 75, 73477
2026/05/29 23:09:50.121, 0, 0, 0, 73427
2026/05/29 23:09:50.123, 1, 0, 0, 73475
2026/05/29 23:09:50.124, 2, 0, 0, 73427
2026/05/29 23:09:50.128, 3, 0, 0, 73477
2026/05/29 23:09:51.129, 0, 0, 0, 73427
2026/05/29 23:09:51.130, 1, 0, 0, 73475
2026/05/29 23:09:51.132, 2, 0, 0, 73429
2026/05/29 23:09:51.134, 3, 0, 0, 73477
2026/05/29 23:09:52.136, 0, 89, 80, 73429
2026/05/29 23:09:52.146, 1, 100, 13, 73475
2026/05/29 23:09:52.148, 2, 99, 28, 73429
2026/05/29 23:09:52.149, 3, 98, 8, 73477
2026/05/29 23:09:53.151, 0, 98, 49, 73429
2026/05/29 23:09:53.153, 1, 96, 49, 73475
2026/05/29 23:09:53.155, 2, 98, 42, 73429
2026/05/29 23:09:53.156, 3, 98, 47, 73477
2026/05/29 23:09:54.157, 0, 98, 38, 73429
2026/05/29 23:09:54.159, 1, 98, 37, 73475
2026/05/29 23:09:54.161, 2, 98, 37, 73429
2026/05/29 23:09:54.163, 3, 98, 38, 73477
2026/05/29 23:09:55.164, 0, 100, 38, 73429
2026/05/29 23:09:55.166, 1, 100, 39, 73475
2026/05/29 23:09:55.168, 2, 100, 38, 73429
2026/05/29 23:09:55.179, 3, 100, 41, 73477
2026/05/29 23:09:56.188, 0, 100, 40, 73429
2026/05/29 23:09:56.191, 1, 100, 41, 73475
2026/05/29 23:09:56.195, 2, 100, 41, 73429
2026/05/29 23:09:56.197, 3, 100, 42, 73477
2026/05/29 23:09:57.200, 0, 100, 48, 73429
2026/05/29 23:09:57.202, 1, 100, 50, 73475
2026/05/29 23:09:57.204, 2, 99, 49, 73429
2026/05/29 23:09:57.206, 3, 98, 46, 73477
2026/05/29 23:09:58.207, 0, 98, 49, 73429
2026/05/29 23:09:58.210, 1, 98, 48, 73475
2026/05/29 23:09:58.211, 2, 98, 39, 73429
2026/05/29 23:09:58.213, 3, 99, 38, 73477
2026/05/29 23:09:59.215, 0, 98, 35, 73429
2026/05/29 23:09:59.217, 1, 97, 35, 73475
2026/05/29 23:09:59.219, 2, 92, 35, 73429
2026/05/29 23:09:59.221, 3, 99, 38, 73477
2026/05/29 23:10:00.223, 0, 100, 39, 73429
2026/05/29 23:10:00.224, 1, 100, 38, 73475
2026/05/29 23:10:00.226, 2, 100, 38, 73429
2026/05/29 23:10:00.227, 3, 100, 41, 73477
2026/05/29 23:10:01.229, 0, 100, 40, 73429
2026/05/29 23:10:01.232, 1, 100, 54, 73475
2026/05/29 23:10:01.251, 2, 100, 40, 73429
2026/05/29 23:10:01.253, 3, 100, 38, 73477
2026/05/29 23:10:02.254, 0, 93, 44, 73429
2026/05/29 23:10:02.261, 1, 97, 44, 73475
2026/05/29 23:10:02.267, 2, 100, 48, 73429
2026/05/29 23:10:02.269, 3, 98, 44, 73477
2026/05/29 23:10:03.271, 0, 98, 36, 73429
2026/05/29 23:10:03.277, 1, 98, 36, 73475
2026/05/29 23:10:03.278, 2, 98, 36, 73429
2026/05/29 23:10:03.281, 3, 98, 37, 73477
2026/05/29 23:10:04.288, 0, 76, 30, 73429
2026/05/29 23:10:04.289, 1, 98, 29, 73475
2026/05/29 23:10:04.291, 2, 98, 36, 73429
2026/05/29 23:10:04.293, 3, 97, 26, 73477
2026/05/29 23:10:05.295, 0, 100, 39, 73429
2026/05/29 23:10:05.297, 1, 100, 40, 73475
2026/05/29 23:10:05.299, 2, 100, 39, 73429
2026/05/29 23:10:05.300, 3, 100, 40, 73477
2026/05/29 23:10:06.304, 0, 100, 41, 73429
2026/05/29 23:10:06.306, 1, 100, 41, 73475
2026/05/29 23:10:06.308, 2, 100, 41, 73429
2026/05/29 23:10:06.309, 3, 100, 41, 73477
2026/05/29 23:10:07.311, 0, 99, 51, 73429
2026/05/29 23:10:07.313, 1, 99, 54, 73475
2026/05/29 23:10:07.315, 2, 98, 45, 73429
2026/05/29 23:10:07.316, 3, 100, 38, 73477
2026/05/29 23:10:08.318, 0, 97, 48, 73429
2026/05/29 23:10:08.320, 1, 97, 47, 73475
2026/05/29 23:10:08.322, 2, 98, 44, 73429
2026/05/29 23:10:08.323, 3, 98, 48, 73477
2026/05/29 23:10:09.325, 0, 97, 36, 73429
2026/05/29 23:10:09.327, 1, 97, 36, 73475
2026/05/29 23:10:09.329, 2, 97, 36, 73429
2026/05/29 23:10:09.331, 3, 99, 39, 73477
2026/05/29 23:10:10.332, 0, 100, 38, 73429
2026/05/29 23:10:10.335, 1, 100, 38, 73475
2026/05/29 23:10:10.346, 2, 100, 38, 73429
2026/05/29 23:10:10.349, 3, 98, 38, 73477
2026/05/29 23:10:11.351, 0, 100, 40, 73429
2026/05/29 23:10:11.353, 1, 100, 40, 73475
2026/05/29 23:10:11.355, 2, 100, 40, 73429
2026/05/29 23:10:11.357, 3, 100, 39, 73477
2026/05/29 23:10:12.358, 0, 100, 39, 73429
2026/05/29 23:10:12.360, 1, 100, 41, 73475
2026/05/29 23:10:12.361, 2, 100, 40, 73429
2026/05/29 23:10:12.362, 3, 100, 41, 73477
2026/05/29 23:10:13.365, 0, 77, 36, 73429
2026/05/29 23:10:13.366, 1, 97, 39, 73475
2026/05/29 23:10:13.368, 2, 98, 38, 73429
2026/05/29 23:10:13.379, 3, 98, 31, 73477
2026/05/29 23:10:14.385, 0, 75, 25, 73429
2026/05/29 23:10:14.387, 1, 97, 26, 73475
2026/05/29 23:10:14.389, 2, 98, 28, 73429
2026/05/29 23:10:14.391, 3, 91, 35, 73477
2026/05/29 23:10:15.393, 0, 98, 37, 73429
2026/05/29 23:10:15.395, 1, 98, 37, 73475
2026/05/29 23:10:15.398, 2, 97, 36, 73429
2026/05/29 23:10:15.399, 3, 97, 37, 73477
2026/05/29 23:10:16.401, 0, 100, 38, 73429
2026/05/29 23:10:16.403, 1, 100, 38, 73475
2026/05/29 23:10:16.404, 2, 100, 38, 73429
2026/05/29 23:10:16.406, 3, 100, 41, 73477
2026/05/29 23:10:17.408, 0, 100, 39, 73429
2026/05/29 23:10:17.409, 1, 100, 40, 73475
2026/05/29 23:10:17.411, 2, 100, 40, 73429
2026/05/29 23:10:17.413, 3, 100, 41, 73477
2026/05/29 23:10:18.417, 0, 100, 36, 73429
2026/05/29 23:10:18.419, 1, 100, 38, 73475
2026/05/29 23:10:18.421, 2, 100, 45, 73429
2026/05/29 23:10:18.423, 3, 93, 47, 73477
2026/05/29 23:10:19.424, 0, 51, 33, 73429
2026/05/29 23:10:19.426, 1, 51, 35, 73475
2026/05/29 23:10:19.427, 2, 99, 28, 73429
2026/05/29 23:10:19.428, 3, 100, 0, 73477
2026/05/29 23:10:20.429, 0, 0, 0, 73429
2026/05/29 23:10:20.431, 1, 0, 0, 73475
2026/05/29 23:10:20.433, 2, 100, 0, 73429
2026/05/29 23:10:20.435, 3, 90, 8, 73477
2026/05/29 23:10:21.436, 0, 0, 0, 73429
2026/05/29 23:10:21.446, 1, 100, 0, 73475
2026/05/29 23:10:21.447, 2, 99, 28, 73429
2026/05/29 23:10:21.449, 3, 100, 0, 73477
2026/05/29 23:10:22.450, 0, 98, 37, 73429
2026/05/29 23:10:22.452, 1, 97, 37, 73475
2026/05/29 23:10:22.454, 2, 99, 24, 73429
2026/05/29 23:10:22.456, 3, 98, 38, 73477
2026/05/29 23:10:23.457, 0, 100, 38, 73429
2026/05/29 23:10:23.459, 1, 100, 38, 73475
2026/05/29 23:10:23.461, 2, 98, 37, 73429
2026/05/29 23:10:23.463, 3, 97, 37, 73477
2026/05/29 23:10:24.465, 0, 100, 40, 73429
2026/05/29 23:10:24.467, 1, 100, 40, 73475
2026/05/29 23:10:24.469, 2, 100, 41, 73429
2026/05/29 23:10:24.481, 3, 100, 41, 73477
2026/05/29 23:10:25.485, 0, 100, 45, 73429
2026/05/29 23:10:25.486, 1, 100, 48, 73475
2026/05/29 23:10:25.488, 2, 99, 50, 73429
2026/05/29 23:10:25.489, 3, 100, 41, 73477
2026/05/29 23:10:26.491, 0, 98, 48, 73429
2026/05/29 23:10:26.493, 1, 98, 48, 73475
2026/05/29 23:10:26.495, 2, 98, 44, 73429
2026/05/29 23:10:26.497, 3, 74, 39, 73477
2026/05/29 23:10:27.499, 0, 98, 38, 73429
2026/05/29 23:10:27.501, 1, 97, 38, 73475
2026/05/29 23:10:27.502, 2, 98, 37, 73429
2026/05/29 23:10:27.504, 3, 99, 35, 73477
2026/05/29 23:10:28.506, 0, 0, 0, 73429
2026/05/29 23:10:28.507, 1, 0, 0, 73475
2026/05/29 23:10:28.508, 2, 100, 0, 73429
2026/05/29 23:10:28.509, 3, 100, 0, 73477
2026/05/29 23:10:29.511, 0, 0, 0, 73429
2026/05/29 23:10:29.512, 1, 100, 0, 73475
2026/05/29 23:10:29.513, 2, 100, 0, 73429
2026/05/29 23:10:29.514, 3, 100, 0, 73477
2026/05/29 23:10:30.516, 0, 100, 39, 73429
2026/05/29 23:10:30.518, 1, 100, 39, 73475
2026/05/29 23:10:30.520, 2, 100, 40, 73429
2026/05/29 23:10:30.521, 3, 100, 39, 73477
2026/05/29 23:10:31.523, 0, 100, 40, 73429
2026/05/29 23:10:31.525, 1, 100, 41, 73475
2026/05/29 23:10:31.527, 2, 100, 41, 73429
2026/05/29 23:10:31.529, 3, 100, 41, 73477
2026/05/29 23:10:32.531, 0, 94, 50, 73429
2026/05/29 23:10:32.532, 1, 99, 52, 73475
2026/05/29 23:10:32.534, 2, 99, 44, 73429
2026/05/29 23:10:32.536, 3, 100, 39, 73477
2026/05/29 23:10:33.537, 0, 95, 47, 73429
2026/05/29 23:10:33.546, 1, 38, 24, 73475
2026/05/29 23:10:33.550, 2, 98, 14, 73429
2026/05/29 23:10:33.552, 3, 99, 33, 73477
2026/05/29 23:10:34.554, 0, 97, 37, 73429
2026/05/29 23:10:34.556, 1, 98, 35, 73475
2026/05/29 23:10:34.558, 2, 98, 37, 73429
2026/05/29 23:10:34.560, 3, 98, 42, 73477
2026/05/29 23:10:35.562, 0, 100, 11, 73429
2026/05/29 23:10:35.563, 1, 100, 12, 73475
2026/05/29 23:10:35.565, 2, 100, 5, 73429
2026/05/29 23:10:35.567, 3, 57, 21, 73477
2026/05/29 23:10:36.568, 0, 100, 10, 73429
2026/05/29 23:10:36.570, 1, 9, 0, 73475
2026/05/29 23:10:36.572, 2, 99, 7, 73429
2026/05/29 23:10:36.580, 3, 99, 28, 73477
2026/05/29 23:10:37.586, 0, 0, 0, 73429
2026/05/29 23:10:37.587, 1, 0, 0, 73475
2026/05/29 23:10:37.588, 2, 100, 0, 73429
2026/05/29 23:10:37.590, 3, 100, 0, 73477
2026/05/29 23:10:38.591, 0, 0, 0, 73429
2026/05/29 23:10:38.592, 1, 59, 0, 73475
2026/05/29 23:10:38.594, 2, 100, 0, 73429
2026/05/29 23:10:38.595, 3, 100, 0, 73477
2026/05/29 23:10:39.596, 0, 100, 37, 73429
2026/05/29 23:10:39.598, 1, 100, 37, 73475
2026/05/29 23:10:39.600, 2, 87, 33, 73429
2026/05/29 23:10:39.602, 3, 98, 33, 73477
2026/05/29 23:10:40.604, 0, 98, 37, 73429
2026/05/29 23:10:40.605, 1, 97, 37, 73475
2026/05/29 23:10:40.607, 2, 99, 36, 73429
2026/05/29 23:10:40.609, 3, 100, 39, 73477
2026/05/29 23:10:41.611, 0, 100, 38, 73429
2026/05/29 23:10:41.613, 1, 100, 38, 73475
2026/05/29 23:10:41.615, 2, 100, 39, 73429
2026/05/29 23:10:41.617, 3, 100, 41, 73477
2026/05/29 23:10:42.618, 0, 100, 40, 73429
2026/05/29 23:10:42.620, 1, 100, 41, 73475
2026/05/29 23:10:42.621, 2, 100, 40, 73429
2026/05/29 23:10:42.622, 3, 100, 50, 73477
2026/05/29 23:10:43.624, 0, 97, 33, 73429
2026/05/29 23:10:43.625, 1, 97, 37, 73475
2026/05/29 23:10:43.627, 2, 100, 39, 73429
2026/05/29 23:10:43.629, 3, 100, 40, 73477
2026/05/29 23:10:44.631, 0, 100, 39, 73429
2026/05/29 23:10:44.633, 1, 100, 41, 73475
2026/05/29 23:10:44.635, 2, 100, 38, 73429
2026/05/29 23:10:44.636, 3, 100, 41, 73477
2026/05/29 23:10:45.638, 0, 98, 46, 73429
2026/05/29 23:10:45.648, 1, 98, 47, 73475
2026/05/29 23:10:45.650, 2, 100, 41, 73429
2026/05/29 23:10:45.652, 3, 99, 52, 73477
2026/05/29 23:10:46.654, 0, 0, 0, 73429
2026/05/29 23:10:46.655, 1, 0, 0, 73475
2026/05/29 23:10:46.656, 2, 98, 38, 73429
2026/05/29 23:10:46.657, 3, 99, 14, 73477
2026/05/29 23:10:47.659, 0, 20, 5, 73429
2026/05/29 23:10:47.660, 1, 6, 0, 73475
2026/05/29 23:10:47.662, 2, 100, 0, 73429
2026/05/29 23:10:47.663, 3, 100, 0, 73477
2026/05/29 23:10:48.664, 0, 62, 24, 73429
2026/05/29 23:10:48.666, 1, 97, 24, 73475
2026/05/29 23:10:48.668, 2, 99, 49, 73429
2026/05/29 23:10:48.670, 3, 98, 33, 73477
2026/05/29 23:10:49.672, 0, 98, 33, 73429
2026/05/29 23:10:49.674, 1, 98, 32, 73475
2026/05/29 23:10:49.676, 2, 99, 39, 73429
2026/05/29 23:10:49.682, 3, 98, 50, 73477
2026/05/29 23:10:50.685, 0, 98, 35, 73429
2026/05/29 23:10:50.686, 1, 92, 35, 73475
2026/05/29 23:10:50.688, 2, 98, 36, 73429
2026/05/29 23:10:50.690, 3, 98, 35, 73477
2026/05/29 23:10:51.692, 0, 100, 0, 73429
2026/05/29 23:10:51.694, 1, 0, 0, 73475
2026/05/29 23:10:51.695, 2, 100, 0, 73429
2026/05/29 23:10:51.696, 3, 100, 0, 73477
2026/05/29 23:10:52.697, 0, 100, 0, 73429
2026/05/29 23:10:52.699, 1, 0, 0, 73475
2026/05/29 23:10:52.700, 2, 100, 0, 73429
2026/05/29 23:10:52.701, 3, 100, 0, 73477
2026/05/29 23:10:53.702, 0, 100, 0, 73429
2026/05/29 23:10:53.703, 1, 45, 15, 73475
2026/05/29 23:10:53.705, 2, 99, 22, 73429
2026/05/29 23:10:53.707, 3, 99, 2, 73477
2026/05/29 23:10:54.709, 0, 97, 37, 73429
2026/05/29 23:10:54.710, 1, 97, 36, 73475
2026/05/29 23:10:54.712, 2, 98, 37, 73429
2026/05/29 23:10:54.714, 3, 98, 36, 73477
2026/05/29 23:10:55.716, 0, 98, 38, 73429
2026/05/29 23:10:55.718, 1, 97, 37, 73475
2026/05/29 23:10:55.720, 2, 100, 39, 73429
2026/05/29 23:10:55.721, 3, 98, 37, 73477
2026/05/29 23:10:56.722, 0, 100, 40, 73429
2026/05/29 23:10:56.724, 1, 100, 40, 73475
2026/05/29 23:10:56.726, 2, 100, 40, 73429
2026/05/29 23:10:56.728, 3, 100, 39, 73477
2026/05/29 23:10:57.730, 0, 100, 40, 73429
2026/05/29 23:10:57.731, 1, 100, 41, 73475
2026/05/29 23:10:57.733, 2, 100, 41, 73429
2026/05/29 23:10:57.734, 3, 100, 41, 73477
2026/05/29 23:10:58.736, 0, 99, 50, 73429
2026/05/29 23:10:58.747, 1, 99, 52, 73475
2026/05/29 23:10:58.750, 2, 99, 43, 73429
2026/05/29 23:10:58.751, 3, 100, 38, 73477
2026/05/29 23:10:59.753, 0, 98, 48, 73429
2026/05/29 23:10:59.755, 1, 97, 47, 73475
2026/05/29 23:10:59.756, 2, 98, 42, 73429
2026/05/29 23:10:59.758, 3, 98, 46, 73477
2026/05/29 23:11:00.759, 0, 100, 25, 73429
2026/05/29 23:11:00.760, 1, 0, 0, 73475
2026/05/29 23:11:00.762, 2, 100, 0, 73429
2026/05/29 23:11:00.763, 3, 99, 0, 73477
2026/05/29 23:11:01.765, 0, 100, 0, 73429
2026/05/29 23:11:01.766, 1, 0, 0, 73475
2026/05/29 23:11:01.767, 2, 100, 0, 73429
2026/05/29 23:11:01.768, 3, 100, 0, 73477
2026/05/29 23:11:02.770, 0, 99, 50, 73429
2026/05/29 23:11:02.771, 1, 99, 51, 73475
2026/05/29 23:11:02.774, 2, 98, 44, 73429
2026/05/29 23:11:02.779, 3, 98, 48, 73477
2026/05/29 23:11:03.786, 0, 97, 40, 73429
2026/05/29 23:11:03.788, 1, 86, 36, 73475
2026/05/29 23:11:03.790, 2, 98, 32, 73429
2026/05/29 23:11:03.792, 3, 98, 38, 73477
2026/05/29 23:11:04.794, 0, 98, 39, 73429
2026/05/29 23:11:04.796, 1, 97, 27, 73475
2026/05/29 23:11:04.798, 2, 98, 27, 73429
2026/05/29 23:11:04.800, 3, 97, 34, 73477
2026/05/29 23:11:05.802, 0, 97, 29, 73429
2026/05/29 23:11:05.803, 1, 97, 29, 73475
2026/05/29 23:11:05.805, 2, 97, 35, 73429
2026/05/29 23:11:05.807, 3, 100, 39, 73477
2026/05/29 23:11:06.809, 0, 100, 39, 73429
2026/05/29 23:11:06.811, 1, 100, 39, 73475
2026/05/29 23:11:06.814, 2, 100, 39, 73429
2026/05/29 23:11:06.816, 3, 100, 42, 73477
2026/05/29 23:11:07.818, 0, 100, 40, 73429
2026/05/29 23:11:07.821, 1, 100, 40, 73475
2026/05/29 23:11:07.823, 2, 100, 40, 73429
2026/05/29 23:11:07.826, 3, 100, 40, 73477
2026/05/29 23:11:08.829, 0, 97, 8, 73429
2026/05/29 23:11:08.831, 1, 97, 37, 73475
2026/05/29 23:11:08.834, 2, 97, 37, 73429
2026/05/29 23:11:08.835, 3, 97, 38, 73477
2026/05/29 23:11:09.837, 0, 100, 0, 73429
2026/05/29 23:11:09.846, 1, 0, 0, 73475
2026/05/29 23:11:09.847, 2, 100, 0, 73429
2026/05/29 23:11:09.848, 3, 100, 0, 73477
2026/05/29 23:11:10.850, 0, 98, 14, 73429
2026/05/29 23:11:10.851, 1, 98, 37, 73475
2026/05/29 23:11:10.853, 2, 99, 23, 73429
2026/05/29 23:11:10.855, 3, 98, 38, 73477
2026/05/29 23:11:11.857, 0, 98, 37, 73429
2026/05/29 23:11:11.859, 1, 97, 37, 73475
2026/05/29 23:11:11.860, 2, 76, 28, 73429
2026/05/29 23:11:11.862, 3, 99, 29, 73477
2026/05/29 23:11:12.863, 0, 100, 39, 73429
2026/05/29 23:11:12.866, 1, 100, 38, 73475
2026/05/29 23:11:12.867, 2, 98, 30, 73429
2026/05/29 23:11:12.870, 3, 100, 39, 73477
2026/05/29 23:11:13.872, 0, 100, 40, 73429
2026/05/29 23:11:13.874, 1, 100, 41, 73475
2026/05/29 23:11:13.877, 2, 100, 41, 73429
2026/05/29 23:11:13.881, 3, 100, 41, 73477
2026/05/29 23:11:14.885, 0, 100, 37, 73429
2026/05/29 23:11:14.889, 1, 100, 40, 73475
2026/05/29 23:11:14.892, 2, 100, 47, 73429
2026/05/29 23:11:14.896, 3, 100, 41, 73477
2026/05/29 23:11:15.898, 0, 98, 45, 73429
2026/05/29 23:11:15.900, 1, 98, 47, 73475
2026/05/29 23:11:15.901, 2, 90, 47, 73429
2026/05/29 23:11:15.903, 3, 99, 44, 73477
2026/05/29 23:11:16.906, 0, 100, 30, 73429
2026/05/29 23:11:16.907, 1, 0, 0, 73475
2026/05/29 23:11:16.908, 2, 100, 0, 73429
2026/05/29 23:11:16.910, 3, 99, 0, 73477
2026/05/29 23:11:17.911, 0, 97, 24, 73429
2026/05/29 23:11:17.914, 1, 97, 28, 73475
2026/05/29 23:11:17.916, 2, 98, 31, 73429
2026/05/29 23:11:17.917, 3, 71, 27, 73477
2026/05/29 23:11:18.920, 0, 100, 0, 73429
2026/05/29 23:11:18.921, 1, 0, 0, 73475
2026/05/29 23:11:18.923, 2, 100, 0, 73429
2026/05/29 23:11:18.924, 3, 100, 0, 73477
2026/05/29 23:11:19.925, 0, 100, 0, 73429
2026/05/29 23:11:19.926, 1, 0, 0, 73475
2026/05/29 23:11:19.927, 2, 100, 0, 73429
2026/05/29 23:11:19.929, 3, 100, 0, 73477
2026/05/29 23:11:20.930, 0, 99, 41, 73429
2026/05/29 23:11:20.932, 1, 98, 47, 73475
2026/05/29 23:11:20.934, 2, 98, 46, 73429
2026/05/29 23:11:20.935, 3, 100, 45, 73477
2026/05/29 23:11:21.937, 0, 98, 33, 73429
2026/05/29 23:11:21.947, 1, 98, 32, 73475
2026/05/29 23:11:21.948, 2, 99, 39, 73429
2026/05/29 23:11:21.950, 3, 97, 49, 73477
2026/05/29 23:11:22.951, 0, 98, 37, 73429
2026/05/29 23:11:22.954, 1, 98, 37, 73475
2026/05/29 23:11:22.956, 2, 98, 36, 73429
2026/05/29 23:11:22.957, 3, 98, 38, 73477
2026/05/29 23:11:23.959, 0, 100, 37, 73429
2026/05/29 23:11:23.961, 1, 100, 37, 73475
2026/05/29 23:11:23.963, 2, 100, 38, 73429
2026/05/29 23:11:23.965, 3, 98, 37, 73477
2026/05/29 23:11:24.968, 0, 100, 39, 73429
2026/05/29 23:11:24.970, 1, 100, 39, 73475
2026/05/29 23:11:24.972, 2, 100, 40, 73429
2026/05/29 23:11:24.981, 3, 100, 41, 73477
2026/05/29 23:11:25.987, 0, 100, 41, 73429
2026/05/29 23:11:25.988, 1, 100, 42, 73475
2026/05/29 23:11:25.990, 2, 100, 36, 73429
2026/05/29 23:11:25.991, 3, 95, 45, 73477
2026/05/29 23:11:26.993, 0, 100, 37, 73429
2026/05/29 23:11:26.995, 1, 100, 40, 73475
2026/05/29 23:11:26.997, 2, 100, 47, 73429
2026/05/29 23:11:27.000, 3, 99, 36, 73477
2026/05/29 23:11:28.001, 0, 100, 0, 73429
2026/05/29 23:11:28.002, 1, 0, 0, 73475
2026/05/29 23:11:28.003, 2, 100, 0, 73429
2026/05/29 23:11:28.004, 3, 100, 0, 73477
2026/05/29 23:11:29.005, 0, 100, 0, 73429
2026/05/29 23:11:29.007, 1, 0, 0, 73475
2026/05/29 23:11:29.008, 2, 100, 0, 73429
2026/05/29 23:11:29.009, 3, 100, 0, 73477
2026/05/29 23:11:30.010, 0, 100, 0, 73429
2026/05/29 23:11:30.011, 1, 0, 0, 73475
2026/05/29 23:11:30.013, 2, 100, 0, 73429
2026/05/29 23:11:30.014, 3, 100, 0, 73477
2026/05/29 23:11:31.015, 0, 99, 48, 73429
2026/05/29 23:11:31.018, 1, 99, 50, 73475
2026/05/29 23:11:31.019, 2, 97, 45, 73429
2026/05/29 23:11:31.021, 3, 98, 46, 73477
2026/05/29 23:11:32.023, 0, 98, 38, 73429
2026/05/29 23:11:32.024, 1, 98, 38, 73475
2026/05/29 23:11:32.026, 2, 69, 28, 73429
2026/05/29 23:11:32.027, 3, 98, 38, 73477
2026/05/29 23:11:33.029, 0, 100, 20, 73429
2026/05/29 23:11:33.031, 1, 99, 28, 73475
2026/05/29 23:11:33.033, 2, 98, 30, 73429
2026/05/29 23:11:33.035, 3, 76, 31, 73477
2026/05/29 23:11:34.038, 0, 100, 40, 73429
2026/05/29 23:11:34.052, 1, 100, 40, 73475
2026/05/29 23:11:34.054, 2, 98, 37, 73429
2026/05/29 23:11:34.055, 3, 100, 39, 73477
2026/05/29 23:11:35.057, 0, 100, 39, 73429
2026/05/29 23:11:35.059, 1, 100, 41, 73475
2026/05/29 23:11:35.061, 2, 100, 40, 73429
2026/05/29 23:11:35.063, 3, 100, 41, 73477
2026/05/29 23:11:36.065, 0, 98, 45, 73429
2026/05/29 23:11:36.066, 1, 97, 47, 73475
2026/05/29 23:11:36.068, 2, 100, 40, 73429
2026/05/29 23:11:36.070, 3, 100, 50, 73477
2026/05/29 23:11:37.072, 0, 98, 39, 73429
2026/05/29 23:11:37.074, 1, 0, 0, 73475
2026/05/29 23:11:37.075, 2, 100, 0, 73429
2026/05/29 23:11:37.081, 3, 99, 24, 73477
2026/05/29 23:11:38.085, 0, 100, 0, 73429
2026/05/29 23:11:38.086, 1, 0, 0, 73475
2026/05/29 23:11:38.087, 2, 100, 0, 73429
2026/05/29 23:11:38.088, 3, 100, 0, 73477
2026/05/29 23:11:39.090, 0, 100, 40, 73429
2026/05/29 23:11:39.092, 1, 100, 41, 73475
2026/05/29 23:11:39.094, 2, 100, 41, 73429
2026/05/29 23:11:39.096, 3, 100, 41, 73477
2026/05/29 23:11:40.098, 0, 100, 47, 73429
2026/05/29 23:11:40.099, 1, 100, 47, 73475
2026/05/29 23:11:40.101, 2, 100, 50, 73429
2026/05/29 23:11:40.105, 3, 100, 41, 73477
2026/05/29 23:11:41.106, 0, 98, 45, 73429
2026/05/29 23:11:41.108, 1, 97, 47, 73475
2026/05/29 23:11:41.110, 2, 98, 45, 73429
2026/05/29 23:11:41.112, 3, 100, 48, 73477
2026/05/29 23:11:42.114, 0, 98, 36, 73429
2026/05/29 23:11:42.116, 1, 85, 30, 73475
2026/05/29 23:11:42.118, 2, 98, 34, 73429
2026/05/29 23:11:42.120, 3, 98, 44, 73477
2026/05/29 23:11:43.122, 0, 97, 36, 73429
2026/05/29 23:11:43.124, 1, 98, 37, 73475
2026/05/29 23:11:43.126, 2, 98, 36, 73429
2026/05/29 23:11:43.127, 3, 97, 37, 73477
2026/05/29 23:11:44.129, 0, 100, 38, 73429
2026/05/29 23:11:44.132, 1, 100, 39, 73475
2026/05/29 23:11:44.134, 2, 100, 39, 73429
2026/05/29 23:11:44.136, 3, 98, 38, 73477
2026/05/29 23:11:45.138, 0, 100, 0, 73429
2026/05/29 23:11:45.145, 1, 0, 0, 73475
2026/05/29 23:11:45.147, 2, 100, 0, 73429
2026/05/29 23:11:45.150, 3, 100, 0, 73477
2026/05/29 23:11:46.151, 0, 100, 52, 73429
2026/05/29 23:11:46.153, 1, 100, 53, 73475
2026/05/29 23:11:46.156, 2, 99, 47, 73429
2026/05/29 23:11:46.159, 3, 100, 40, 73477
2026/05/29 23:11:47.160, 0, 100, 0, 73429
2026/05/29 23:11:47.161, 1, 0, 0, 73475
2026/05/29 23:11:47.163, 2, 100, 0, 73429
2026/05/29 23:11:47.165, 3, 100, 0, 73477
2026/05/29 23:11:48.168, 0, 97, 46, 73429
2026/05/29 23:11:48.170, 1, 98, 47, 73475
2026/05/29 23:11:48.171, 2, 98, 48, 73429
2026/05/29 23:11:48.181, 3, 98, 38, 73477
2026/05/29 23:11:49.190, 0, 90, 34, 73429
2026/05/29 23:11:49.191, 1, 98, 37, 73475
2026/05/29 23:11:49.195, 2, 98, 37, 73429
2026/05/29 23:11:49.197, 3, 98, 36, 73477
2026/05/29 23:11:50.200, 0, 98, 38, 73429
2026/05/29 23:11:50.202, 1, 97, 37, 73475
2026/05/29 23:11:50.204, 2, 99, 38, 73429
2026/05/29 23:11:50.205, 3, 100, 40, 73477
2026/05/29 23:11:51.207, 0, 100, 39, 73429
2026/05/29 23:11:51.209, 1, 100, 39, 73475
2026/05/29 23:11:51.210, 2, 100, 40, 73429
2026/05/29 23:11:51.213, 3, 100, 42, 73477
2026/05/29 23:11:52.215, 0, 97, 15, 73429
2026/05/29 23:11:52.218, 1, 98, 36, 73475
2026/05/29 23:11:52.220, 2, 97, 36, 73429
2026/05/29 23:11:52.222, 3, 100, 39, 73477
2026/05/29 23:11:53.224, 0, 97, 36, 73429
2026/05/29 23:11:53.225, 1, 98, 36, 73475
2026/05/29 23:11:53.227, 2, 100, 39, 73429
2026/05/29 23:11:53.229, 3, 100, 40, 73477
2026/05/29 23:11:54.230, 0, 100, 0, 73429
2026/05/29 23:11:54.233, 1, 89, 32, 73475
2026/05/29 23:11:54.234, 2, 99, 38, 73429
2026/05/29 23:11:54.236, 3, 97, 37, 73477
2026/05/29 23:11:55.238, 0, 100, 0, 73429
2026/05/29 23:11:55.248, 1, 0, 0, 73475
2026/05/29 23:11:55.251, 2, 100, 0, 73429
2026/05/29 23:11:55.252, 3, 100, 0, 73477
2026/05/29 23:11:56.254, 0, 100, 0, 73429
2026/05/29 23:11:56.256, 1, 0, 0, 73475
2026/05/29 23:11:56.258, 2, 100, 0, 73429
2026/05/29 23:11:56.259, 3, 100, 0, 73477
2026/05/29 23:11:57.260, 0, 100, 37, 73429
2026/05/29 23:11:57.263, 1, 100, 38, 73475
2026/05/29 23:11:57.266, 2, 97, 37, 73429
2026/05/29 23:11:57.267, 3, 97, 38, 73477
2026/05/29 23:11:58.269, 0, 100, 40, 73429
2026/05/29 23:11:58.274, 1, 100, 40, 73475
2026/05/29 23:11:58.276, 2, 100, 41, 73429
2026/05/29 23:11:58.281, 3, 100, 41, 73477
2026/05/29 23:11:59.285, 0, 0, 0, 73429
2026/05/29 23:11:59.289, 1, 100, 0, 73475
2026/05/29 23:11:59.290, 2, 100, 0, 73429
2026/05/29 23:11:59.291, 3, 100, 0, 73477
2026/05/29 23:12:00.295, 0, 0, 0, 73429
2026/05/29 23:12:00.300, 1, 100, 0, 73475
2026/05/29 23:12:00.301, 2, 100, 0, 73429
2026/05/29 23:12:00.302, 3, 100, 0, 73477
2026/05/29 23:12:01.305, 0, 0, 0, 73429
2026/05/29 23:12:01.306, 1, 100, 0, 73475
2026/05/29 23:12:01.308, 2, 100, 0, 73429
2026/05/29 23:12:01.309, 3, 100, 0, 73477
2026/05/29 23:12:02.312, 0, 0, 0, 73429
2026/05/29 23:12:02.314, 1, 100, 0, 73475
2026/05/29 23:12:02.315, 2, 100, 0, 73429
2026/05/29 23:12:02.316, 3, 100, 0, 73477
2026/05/29 23:12:03.319, 0, 0, 0, 73429
2026/05/29 23:12:03.320, 1, 100, 0, 73475
2026/05/29 23:12:03.321, 2, 100, 0, 73429
2026/05/29 23:12:03.322, 3, 100, 0, 73477
2026/05/29 23:12:04.323, 0, 0, 0, 73429
2026/05/29 23:12:04.324, 1, 100, 0, 73475
2026/05/29 23:12:04.325, 2, 100, 0, 73429
2026/05/29 23:12:04.327, 3, 100, 0, 73477
2026/05/29 23:12:05.328, 0, 0, 0, 73429
2026/05/29 23:12:05.329, 1, 100, 0, 73475
2026/05/29 23:12:05.330, 2, 100, 0, 73429
2026/05/29 23:12:05.331, 3, 100, 0, 73477
2026/05/29 23:12:06.332, 0, 0, 0, 73429
2026/05/29 23:12:06.333, 1, 100, 0, 73475
2026/05/29 23:12:06.334, 2, 100, 0, 73429
2026/05/29 23:12:06.335, 3, 100, 0, 73477
2026/05/29 23:12:07.336, 0, 0, 0, 73429
2026/05/29 23:12:07.346, 1, 100, 0, 73475
2026/05/29 23:12:07.348, 2, 100, 0, 73429
2026/05/29 23:12:07.349, 3, 100, 0, 73477
2026/05/29 23:12:08.350, 0, 0, 0, 73429
2026/05/29 23:12:08.351, 1, 100, 0, 73475
2026/05/29 23:12:08.352, 2, 100, 0, 73429
2026/05/29 23:12:08.354, 3, 100, 0, 73477
2026/05/29 23:12:09.355, 0, 0, 0, 73429
2026/05/29 23:12:09.356, 1, 100, 0, 73475
2026/05/29 23:12:09.358, 2, 100, 0, 73429
2026/05/29 23:12:09.359, 3, 100, 0, 73477
2026/05/29 23:12:10.360, 0, 0, 0, 73429
2026/05/29 23:12:10.362, 1, 100, 0, 73475
2026/05/29 23:12:10.363, 2, 100, 0, 73429
2026/05/29 23:12:10.364, 3, 100, 0, 73477
2026/05/29 23:12:11.365, 0, 0, 0, 73429
2026/05/29 23:12:11.366, 1, 100, 0, 73475
2026/05/29 23:12:11.367, 2, 100, 0, 73429
2026/05/29 23:12:11.368, 3, 100, 0, 73477
2026/05/29 23:12:12.369, 0, 0, 0, 73429
2026/05/29 23:12:12.371, 1, 100, 0, 73475
2026/05/29 23:12:12.372, 2, 100, 0, 73429
2026/05/29 23:12:12.379, 3, 100, 0, 73477
2026/05/29 23:12:13.385, 0, 0, 0, 73429
2026/05/29 23:12:13.386, 1, 100, 0, 73475
2026/05/29 23:12:13.387, 2, 100, 0, 73429
2026/05/29 23:12:13.388, 3, 100, 0, 73477
2026/05/29 23:12:14.389, 0, 6, 0, 73429
2026/05/29 23:12:14.391, 1, 100, 0, 73475
2026/05/29 23:12:14.392, 2, 100, 0, 73429
2026/05/29 23:12:14.393, 3, 100, 0, 73477
2026/05/29 23:12:15.394, 0, 5, 0, 73429
2026/05/29 23:12:15.396, 1, 100, 0, 73475
2026/05/29 23:12:15.397, 2, 100, 0, 73429
2026/05/29 23:12:15.398, 3, 100, 0, 73477
2026/05/29 23:12:16.399, 0, 5, 0, 73429
2026/05/29 23:12:16.401, 1, 100, 0, 73475
2026/05/29 23:12:16.402, 2, 100, 0, 73429
2026/05/29 23:12:16.403, 3, 100, 0, 73477
2026/05/29 23:12:17.404, 0, 5, 0, 73429
2026/05/29 23:12:17.405, 1, 100, 0, 73475
2026/05/29 23:12:17.406, 2, 100, 0, 73429
2026/05/29 23:12:17.408, 3, 100, 0, 73477
2026/05/29 23:12:18.409, 0, 6, 0, 73429
2026/05/29 23:12:18.410, 1, 100, 0, 73475
2026/05/29 23:12:18.411, 2, 100, 0, 73429
2026/05/29 23:12:18.412, 3, 100, 0, 73477
2026/05/29 23:12:19.414, 0, 6, 0, 73429
2026/05/29 23:12:19.415, 1, 100, 0, 73475
2026/05/29 23:12:19.417, 2, 100, 0, 73429
2026/05/29 23:12:19.418, 3, 100, 0, 73477
2026/05/29 23:12:20.419, 0, 6, 0, 73429
2026/05/29 23:12:20.420, 1, 100, 0, 73475
2026/05/29 23:12:20.421, 2, 100, 0, 73429
2026/05/29 23:12:20.422, 3, 100, 0, 73477
2026/05/29 23:12:21.423, 0, 6, 0, 73429
2026/05/29 23:12:21.425, 1, 100, 0, 73475
2026/05/29 23:12:21.426, 2, 100, 0, 73429
2026/05/29 23:12:21.427, 3, 100, 0, 73477
2026/05/29 23:12:22.428, 0, 6, 0, 73429
2026/05/29 23:12:22.430, 1, 100, 0, 73475
2026/05/29 23:12:22.431, 2, 100, 0, 73429
2026/05/29 23:12:22.432, 3, 100, 0, 73477
2026/05/29 23:12:23.433, 0, 5, 0, 73429
2026/05/29 23:12:23.434, 1, 100, 0, 73475
2026/05/29 23:12:23.436, 2, 100, 0, 73429
2026/05/29 23:12:23.437, 3, 100, 0, 73477
2026/05/29 23:12:24.438, 0, 0, 0, 73429
2026/05/29 23:12:24.447, 1, 100, 0, 73475
2026/05/29 23:12:24.448, 2, 100, 0, 73429
2026/05/29 23:12:24.450, 3, 100, 0, 73477
2026/05/29 23:12:25.451, 0, 0, 0, 73429
2026/05/29 23:12:25.452, 1, 100, 0, 73475
2026/05/29 23:12:25.453, 2, 100, 0, 73429
2026/05/29 23:12:25.454, 3, 100, 0, 73477
2026/05/29 23:12:26.455, 0, 0, 0, 73429
2026/05/29 23:12:26.457, 1, 100, 0, 73475
2026/05/29 23:12:26.458, 2, 100, 0, 73429
2026/05/29 23:12:26.459, 3, 100, 0, 73477
2026/05/29 23:12:27.460, 0, 0, 0, 73429
2026/05/29 23:12:27.462, 1, 100, 0, 73475
2026/05/29 23:12:27.463, 2, 100, 0, 73429
2026/05/29 23:12:27.464, 3, 100, 0, 73477
2026/05/29 23:12:28.465, 0, 0, 0, 73429
2026/05/29 23:12:28.466, 1, 100, 0, 73475
2026/05/29 23:12:28.467, 2, 100, 0, 73429
2026/05/29 23:12:28.468, 3, 100, 0, 73477
2026/05/29 23:12:29.469, 0, 0, 0, 73429
2026/05/29 23:12:29.470, 1, 100, 0, 73475
2026/05/29 23:12:29.471, 2, 100, 0, 73429
2026/05/29 23:12:29.480, 3, 100, 0, 73477
2026/05/29 23:12:30.484, 0, 0, 0, 73429
2026/05/29 23:12:30.486, 1, 100, 0, 73475
2026/05/29 23:12:30.487, 2, 100, 0, 73429
2026/05/29 23:12:30.488, 3, 100, 0, 73477
2026/05/29 23:12:31.489, 0, 0, 0, 73429
2026/05/29 23:12:31.490, 1, 100, 0, 73475
2026/05/29 23:12:31.491, 2, 100, 0, 73429
2026/05/29 23:12:31.492, 3, 100, 0, 73477
2026/05/29 23:12:32.493, 0, 0, 0, 73429
2026/05/29 23:12:32.495, 1, 100, 0, 73475
2026/05/29 23:12:32.496, 2, 100, 0, 73429
2026/05/29 23:12:32.497, 3, 100, 0, 73477
2026/05/29 23:12:33.498, 0, 0, 0, 73429
2026/05/29 23:12:33.499, 1, 100, 0, 73475
2026/05/29 23:12:33.500, 2, 100, 0, 73429
2026/05/29 23:12:33.501, 3, 100, 0, 73477
2026/05/29 23:12:34.502, 0, 0, 0, 73429
2026/05/29 23:12:34.503, 1, 100, 0, 73475
2026/05/29 23:12:34.504, 2, 100, 0, 73429
2026/05/29 23:12:34.505, 3, 100, 0, 73477
2026/05/29 23:12:35.506, 0, 0, 0, 73429
2026/05/29 23:12:35.507, 1, 100, 0, 73475
2026/05/29 23:12:35.508, 2, 100, 0, 73429
2026/05/29 23:12:35.510, 3, 100, 0, 73477
2026/05/29 23:12:36.511, 0, 0, 0, 73429
2026/05/29 23:12:36.512, 1, 100, 0, 73475
2026/05/29 23:12:36.513, 2, 100, 0, 73429
2026/05/29 23:12:36.514, 3, 100, 0, 73477
2026/05/29 23:12:37.515, 0, 0, 0, 73429
2026/05/29 23:12:37.517, 1, 100, 0, 73475
2026/05/29 23:12:37.518, 2, 100, 0, 73429
2026/05/29 23:12:37.519, 3, 100, 0, 73477
2026/05/29 23:12:38.520, 0, 0, 0, 73429
2026/05/29 23:12:38.521, 1, 100, 0, 73475
2026/05/29 23:12:38.522, 2, 100, 0, 73429
2026/05/29 23:12:38.523, 3, 100, 0, 73477
2026/05/29 23:12:39.524, 0, 0, 0, 73429
2026/05/29 23:12:39.526, 1, 100, 0, 73475
2026/05/29 23:12:39.527, 2, 100, 0, 73429
2026/05/29 23:12:39.528, 3, 100, 0, 73477
2026/05/29 23:12:40.529, 0, 0, 0, 73429
2026/05/29 23:12:40.530, 1, 100, 0, 73475
2026/05/29 23:12:40.531, 2, 100, 0, 73429
2026/05/29 23:12:40.532, 3, 100, 0, 73477
2026/05/29 23:12:41.533, 0, 0, 0, 73429
2026/05/29 23:12:41.535, 1, 100, 0, 73475
2026/05/29 23:12:41.536, 2, 100, 0, 73429
2026/05/29 23:12:41.537, 3, 100, 0, 73477
2026/05/29 23:12:42.538, 0, 0, 0, 73429
2026/05/29 23:12:42.547, 1, 100, 0, 73475
2026/05/29 23:12:42.548, 2, 100, 0, 73429
2026/05/29 23:12:42.549, 3, 100, 0, 73477
2026/05/29 23:12:43.550, 0, 0, 0, 73429
2026/05/29 23:12:43.551, 1, 100, 0, 73475
2026/05/29 23:12:43.552, 2, 100, 0, 73429
2026/05/29 23:12:43.553, 3, 100, 0, 73477
2026/05/29 23:12:44.554, 0, 0, 0, 73429
2026/05/29 23:12:44.556, 1, 100, 0, 73475
2026/05/29 23:12:44.557, 2, 100, 0, 73429
2026/05/29 23:12:44.558, 3, 100, 0, 73477
2026/05/29 23:12:45.559, 0, 0, 0, 73429
2026/05/29 23:12:45.560, 1, 100, 0, 73475
2026/05/29 23:12:45.561, 2, 100, 0, 73429
2026/05/29 23:12:45.562, 3, 100, 0, 73477
2026/05/29 23:12:46.563, 0, 0, 0, 73429
2026/05/29 23:12:46.565, 1, 100, 0, 73475
2026/05/29 23:12:46.566, 2, 100, 0, 73429
2026/05/29 23:12:46.567, 3, 100, 0, 73477
2026/05/29 23:12:47.568, 0, 0, 0, 73429
2026/05/29 23:12:47.569, 1, 100, 0, 73475
2026/05/29 23:12:47.570, 2, 100, 0, 73429
2026/05/29 23:12:47.571, 3, 100, 0, 73477
2026/05/29 23:12:48.573, 0, 0, 0, 73429
2026/05/29 23:12:48.574, 1, 100, 0, 73475
2026/05/29 23:12:48.576, 2, 100, 0, 73429
2026/05/29 23:12:48.580, 3, 100, 0, 73477
2026/05/29 23:12:49.585, 0, 0, 0, 73429
2026/05/29 23:12:49.586, 1, 100, 0, 73475
2026/05/29 23:12:49.587, 2, 100, 0, 73429
2026/05/29 23:12:49.588, 3, 100, 0, 73477
2026/05/29 23:12:50.589, 0, 0, 0, 73429
2026/05/29 23:12:50.591, 1, 100, 0, 73475
2026/05/29 23:12:50.592, 2, 100, 0, 73429
2026/05/29 23:12:50.593, 3, 100, 0, 73477
2026/05/29 23:12:51.594, 0, 0, 0, 73429
2026/05/29 23:12:51.595, 1, 100, 0, 73475
2026/05/29 23:12:51.596, 2, 100, 0, 73429
2026/05/29 23:12:51.597, 3, 100, 0, 73477
2026/05/29 23:12:52.598, 0, 16, 0, 73429
2026/05/29 23:12:52.600, 1, 15, 0, 73475
2026/05/29 23:12:52.601, 2, 18, 0, 73429
2026/05/29 23:12:52.602, 3, 18, 0, 73477
2026/05/29 23:12:53.603, 0, 17, 0, 73429
2026/05/29 23:12:53.605, 1, 16, 0, 73475
2026/05/29 23:12:53.606, 2, 17, 0, 73429
2026/05/29 23:12:53.608, 3, 16, 0, 73477
2026/05/29 23:12:54.609, 0, 16, 0, 73429
2026/05/29 23:12:54.610, 1, 16, 0, 73475
2026/05/29 23:12:54.611, 2, 17, 0, 73429
2026/05/29 23:12:54.613, 3, 17, 0, 73477
2026/05/29 23:12:55.614, 0, 17, 0, 73429
2026/05/29 23:12:55.616, 1, 17, 0, 73475
2026/05/29 23:12:55.617, 2, 18, 0, 73429
2026/05/29 23:12:55.618, 3, 17, 0, 73477
2026/05/29 23:12:56.620, 0, 6, 0, 73429
2026/05/29 23:12:56.621, 1, 5, 0, 73475
2026/05/29 23:12:56.622, 2, 5, 0, 73429
2026/05/29 23:12:56.623, 3, 5, 0, 73477
2026/05/29 23:12:57.625, 0, 0, 0, 73429
2026/05/29 23:12:57.626, 1, 0, 0, 73475
2026/05/29 23:12:57.627, 2, 0, 0, 73429
2026/05/29 23:12:57.628, 3, 0, 0, 73477
2026/05/29 23:12:58.630, 0, 15, 0, 60369
2026/05/29 23:12:58.631, 1, 16, 0, 69395
2026/05/29 23:12:58.636, 2, 0, 0, 73429
2026/05/29 23:12:58.637, 3, 67, 15, 15337
2026/05/29 23:12:59.645, 0, 0, 0, 5881
2026/05/29 23:12:59.647, 1, 0, 0, 5879
2026/05/29 23:12:59.649, 2, 0, 0, 73429
2026/05/29 23:12:59.650, 3, 0, 0, 5993
2026/05/29 23:13:00.651, 0, 0, 0, 5881
2026/05/29 23:13:00.652, 1, 0, 0, 5879
2026/05/29 23:13:00.653, 2, 0, 0, 73429
2026/05/29 23:13:00.654, 3, 0, 0, 5993
2026/05/29 23:13:01.656, 0, 0, 0, 5881
2026/05/29 23:13:01.657, 1, 0, 0, 5879
2026/05/29 23:13:01.658, 2, 0, 0, 73429
2026/05/29 23:13:01.659, 3, 0, 0, 5993
2026/05/29 23:13:02.660, 0, 0, 0, 5881
2026/05/29 23:13:02.662, 1, 0, 0, 5871
2026/05/29 23:13:02.663, 2, 0, 0, 73429
2026/05/29 23:13:02.664, 3, 0, 0, 5993
2026/05/29 23:13:03.665, 0, 0, 0, 5873
2026/05/29 23:13:04.696, 1, 0, 0, 3
2026/05/29 23:13:05.706, 2, 0, 0, 3
2026/05/29 23:13:05.708, 3, 0, 0, 5881
2026/05/29 23:13:06.711, 0, 0, 0, 3
2026/05/29 23:13:07.204, 1, 0, 0, 3
2026/05/29 23:13:07.205, 2, 0, 0, 3
2026/05/29 23:13:07.207, 3, 0, 0, 5881
2026/05/29 23:13:08.208, 0, 0, 0, 3
2026/05/29 23:13:08.209, 1, 0, 0, 3
2026/05/29 23:13:08.211, 2, 0, 0, 3
2026/05/29 23:13:08.213, 3, 0, 0, 5873
2026/05/29 23:13:09.214, 0, 0, 0, 0
2026/05/29 23:13:09.215, 1, 0, 0, 0
2026/05/29 23:13:09.217, 2, 0, 0, 0
2026/05/29 23:13:09.219, 3, 0, 0, 5849
2026/05/29 23:13:10.220, 0, 0, 0, 0
2026/05/29 23:13:10.528, 1, 0, 0, 0
2026/05/29 23:13:10.529, 2, 0, 0, 0
2026/05/29 23:13:10.531, 3, 0, 0, 0
