arm,job,channel,drift_phys_median,drift_phys_min,drift_phys_max,drift_sigma,d_anom_rms_sigma,n_same_sign,n
FSEMA,7720705,PS,310.984,215.892,364.613,0.03325,0.12445,8,8
FSEMA,7720705,TREFHT,-0.142363,-0.28825,0.115237,-0.00671,-0.00710,5,8
FSEMA,7720705,U10,-0.0380159,-0.0697522,0.0184913,-0.01031,0.01547,7,8
FSEMA,7720705,RHREFHT,0.346968,0.04947,0.568406,0.01906,0.00733,8,8
FSEMA,7720705,PSL,-2.08801,-31.5814,20.8361,-0.00138,0.04069,5,8
FSEMA,7720705,TMQ,-0.188947,-0.625859,0.180454,-0.01077,0.01528,5,8
FSEMA,7720705,FSNT,-2.00163,-2.85644,-1.17323,-0.00652,-0.01037,8,8
FSEMA,7720705,FSNTOA,-2.00905,-2.86959,-1.12866,-0.00654,-0.01037,8,8
FSEMA,7720705,T_l00,-0.512458,-0.810097,0.453992,-0.04319,0.09364,6,8
FSEMA,7720705,T_l01,-0.0502969,-0.33611,0.541893,-0.00462,0.00957,4,8
FSEMA,7720705,T_l02,0.205146,-0.00832579,0.705324,0.02079,-0.00887,7,8
FSEMA,7720705,T_l03,0.366535,0.17191,0.831083,0.04109,0.01260,8,8
FSEMA,7720705,T_l04,0.184071,0.0613427,0.674342,0.02102,0.04091,8,8
FSEMA,7720705,T_l05,0.00900521,-0.113499,0.400081,0.00079,0.04109,4,8
FSEMA,7720705,T_l06,-0.261688,-0.386093,-0.10299,-0.02102,0.04053,8,8
FSEMA,7720705,T_l07,0.172251,-0.282527,0.369857,0.01917,0.04399,5,8
FSEMA,7720705,T_l08,0.295077,-0.207802,0.615153,0.04387,0.07763,7,8
FSEMA,7720705,T_l09,0.273834,-0.0959558,0.550104,0.03139,0.07732,7,8
FSEMA,7720705,T_l10,0.0305906,-0.213468,0.227123,0.00270,0.03157,4,8
FSEMA,7720705,T_l11,-0.190078,-0.421691,0.146713,-0.01360,0.01720,5,8
FSEMA,7720705,T_l12,-0.131513,-0.368201,0.227313,-0.00882,0.03026,5,8
FSEMA,7720705,T_l13,-0.0794434,-0.329464,0.255631,-0.00524,0.03512,5,8
FSEMA,7720705,T_l14,-0.264107,-0.506968,0.0552491,-0.01700,0.01089,7,8
FSEMA,7720705,T_l15,-0.272081,-0.484664,7.36016e-05,-0.01728,0.00026,7,8
FSEMA,7720705,T_l16,-0.198799,-0.42149,0.067892,-0.01208,-0.00197,7,8
FSEMA,7720705,T_l17,-0.17882,-0.331572,0.0675754,-0.00852,-0.00726,7,8
FSEMA,7720705,U_l00,-0.817653,-3.69074,6.00534,-0.03214,0.07568,5,8
FSEMA,7720705,U_l01,1.37739,-0.0966055,2.58662,0.06216,0.06488,7,8
FSEMA,7720705,U_l02,0.414931,-1.37662,1.71615,0.02099,0.01182,6,8
FSEMA,7720705,U_l03,0.0620828,-1.12872,1.50534,0.00357,0.03187,5,8
FSEMA,7720705,U_l04,-2.22417,-2.9893,0.681077,-0.15911,0.16028,7,8
FSEMA,7720705,U_l05,-1.41596,-1.73701,0.035577,-0.11128,0.08525,7,8
FSEMA,7720705,U_l06,-1.53996,-2.04041,-0.241898,-0.11716,0.08278,8,8
FSEMA,7720705,U_l07,-0.464363,-1.21548,0.0391,-0.02864,0.06657,6,8
FSEMA,7720705,U_l08,-0.00102555,-0.558442,0.267978,-0.00006,0.04159,4,8
FSEMA,7720705,U_l09,0.111979,-0.266643,0.334698,0.00624,0.02743,5,8
FSEMA,7720705,U_l10,0.112174,-0.205205,0.24928,0.00659,0.02645,6,8
FSEMA,7720705,U_l11,0.0807711,-0.172196,0.210259,0.00551,0.03154,6,8
FSEMA,7720705,U_l12,0.0510686,-0.0977139,0.179845,0.00419,0.03050,7,8
FSEMA,7720705,U_l13,-0.0650207,-0.234493,0.0843727,-0.00629,0.04545,6,8
FSEMA,7720705,U_l14,-0.0108457,-0.195273,0.131199,-0.00117,0.05470,4,8
FSEMA,7720705,U_l15,-0.0528202,-0.103436,0.0432624,-0.00615,0.04004,6,8
FSEMA,7720705,U_l16,-0.0791324,-0.160094,0.0101777,-0.00912,0.02436,7,8
FSEMA,7720705,U_l17,-0.0442282,-0.106152,0.0487833,-0.00772,0.01628,7,8
FSEMA,7720705,V_l00,0.112515,0.0835185,0.175878,0.01080,0.15248,8,8
FSEMA,7720705,V_l01,-0.00638385,-0.0473353,0.132832,-0.00068,0.14878,5,8
FSEMA,7720705,V_l02,0.0801572,0.001515,0.105139,0.00957,0.15106,8,8
FSEMA,7720705,V_l03,-0.0279109,-0.0381179,0.0175255,-0.00368,0.13732,6,8
FSEMA,7720705,V_l04,0.0847869,0.0558016,0.120091,0.01272,0.09687,8,8
FSEMA,7720705,V_l05,0.0963899,0.0396077,0.253509,0.01458,0.08760,8,8
FSEMA,7720705,V_l06,0.061219,-0.044214,0.165517,0.00803,0.07077,7,8
FSEMA,7720705,V_l07,0.084355,0.0091098,0.132797,0.00847,0.02775,8,8
FSEMA,7720705,V_l08,0.237529,0.158702,0.288107,0.01974,0.00964,8,8
FSEMA,7720705,V_l09,0.087328,0.0475762,0.168312,0.00666,0.01495,8,8
FSEMA,7720705,V_l10,0.027435,0.000369356,0.0573275,0.00213,0.02456,8,8
FSEMA,7720705,V_l11,0.021806,-0.00717075,0.0521959,0.00195,0.03057,6,8
FSEMA,7720705,V_l12,0.0489746,0.0231003,0.0870037,0.00538,0.03712,8,8
FSEMA,7720705,V_l13,-0.0382501,-0.0916086,-0.0225845,-0.00505,0.05121,8,8
FSEMA,7720705,V_l14,0.0303526,-0.0426907,0.0643044,0.00456,0.05607,6,8
FSEMA,7720705,V_l15,-0.0144782,-0.051251,0.0147879,-0.00232,0.02626,6,8
FSEMA,7720705,V_l16,-0.0320694,-0.12475,-0.0113795,-0.00481,0.00948,8,8
FSEMA,7720705,V_l17,-0.0614392,-0.135974,-0.0465638,-0.01309,0.00487,8,8
FSEMA,7720705,Z3_l00,-0.447477,-19.5389,25.8,-0.00042,-0.02302,4,8
FSEMA,7720705,Z3_l01,9.10428,-5.80025,16.4335,0.01062,-0.01801,6,8
FSEMA,7720705,Z3_l02,3.12536,-4.64839,13.3822,0.00436,-0.00532,6,8
FSEMA,7720705,Z3_l03,-2.79132,-6.78492,9.3213,-0.00443,0.00412,5,8
FSEMA,7720705,Z3_l04,-7.5529,-16.7511,5.767,-0.01408,0.02004,5,8
FSEMA,7720705,Z3_l05,-6.90663,-22.5779,6.04477,-0.01348,0.02880,5,8
FSEMA,7720705,Z3_l06,-5.28995,-22.6032,6.89567,-0.00994,0.03161,5,8
FSEMA,7720705,Z3_l07,-5.21151,-18.1276,4.92739,-0.00896,0.02542,5,8
FSEMA,7720705,Z3_l08,-10.9419,-21.0752,-0.341131,-0.01925,0.02297,8,8
FSEMA,7720705,Z3_l09,-19.0807,-28.7411,-9.09373,-0.03720,0.04477,8,8
FSEMA,7720705,Z3_l10,-23.0383,-32.9037,-14.6781,-0.04769,0.07247,8,8
FSEMA,7720705,Z3_l11,-26.1656,-35.5958,-21.5021,-0.05574,0.13717,8,8
FSEMA,7720705,Z3_l12,-28.6798,-37.044,-27.2137,-0.05593,0.20294,8,8
FSEMA,7720705,Z3_l13,-32.3351,-38.2879,-30.5256,-0.05507,0.24269,8,8
FSEMA,7720705,Z3_l14,-34.2796,-38.6512,-31.167,-0.05230,0.25581,8,8
FSEMA,7720705,Z3_l15,-35.4475,-39.8571,-30.8943,-0.04818,0.25621,8,8
FSEMA,7720705,Z3_l16,-36.163,-41.227,-30.8284,-0.04659,0.25416,8,8
FSEMA,7720705,Z3_l17,-36.433,-42.4812,-30.8584,-0.04467,0.24951,8,8
FSEMA,7720705,RELHUM_l00,0.00327053,-0.000308452,0.00542765,0.05869,0.24182,7,8
FSEMA,7720705,RELHUM_l01,0.00877885,-0.00652906,0.0198278,0.01089,0.06253,6,8
FSEMA,7720705,RELHUM_l02,0.0110906,-0.0433186,0.0768462,0.00358,0.02543,5,8
FSEMA,7720705,RELHUM_l03,0.00337812,-0.0735435,0.157013,0.00057,0.02020,4,8
FSEMA,7720705,RELHUM_l04,-0.0269761,-0.677935,0.0376911,-0.00339,0.03205,6,8
FSEMA,7720705,RELHUM_l05,-0.0854976,-3.94447,0.21834,-0.00547,0.10322,5,8
FSEMA,7720705,RELHUM_l06,0.519549,-0.0411723,1.30724,0.01712,0.04145,7,8
FSEMA,7720705,RELHUM_l07,-0.907963,-1.46019,0.788121,-0.02738,0.04918,6,8
FSEMA,7720705,RELHUM_l08,-0.936956,-2.26553,0.381992,-0.02605,0.02857,7,8
FSEMA,7720705,RELHUM_l09,-0.650269,-1.79958,0.0880492,-0.01821,0.03289,7,8
FSEMA,7720705,RELHUM_l10,-0.346511,-0.738385,0.0847036,-0.01004,0.02875,7,8
FSEMA,7720705,RELHUM_l11,0.380635,-0.0600894,0.809758,0.01104,0.03092,7,8
FSEMA,7720705,RELHUM_l12,0.490927,-0.0357325,0.948098,0.01434,0.03516,7,8
FSEMA,7720705,RELHUM_l13,0.798356,0.483965,1.25092,0.02427,0.04428,8,8
FSEMA,7720705,RELHUM_l14,0.856182,0.536535,1.11213,0.02695,0.11243,8,8
FSEMA,7720705,RELHUM_l15,0.199715,0.0687871,0.315441,0.00781,0.08474,8,8
FSEMA,7720705,RELHUM_l16,0.55847,0.391447,0.760813,0.02596,0.07100,8,8
FSEMA,7720705,RELHUM_l17,0.4709,0.15905,0.695336,0.02444,0.00889,8,8
FSEMA,7720705,PRECT,-1.19768e-09,-1.527e-09,-6.48886e-10,-0.01442,-0.03023,8,8
DRYAIR24,7711720,PS,-2.32224,-5.90456,1.93872,-0.00025,0.21987,6,8
DRYAIR24,7711720,TREFHT,-0.20211,-0.490793,-0.0630945,-0.00953,-0.02131,8,8
DRYAIR24,7711720,U10,-0.266591,-0.368626,-0.159561,-0.07232,0.04738,8,8
DRYAIR24,7711720,RHREFHT,1.503,1.08254,1.8451,0.08257,0.06611,8,8
DRYAIR24,7711720,PSL,174.567,136.734,275.202,0.11561,0.13665,8,8
DRYAIR24,7711720,TMQ,-0.236971,-0.602004,0.197872,-0.01350,0.00928,6,8
DRYAIR24,7711720,FSNT,-0.286552,-1.83565,0.534604,-0.00093,-0.00622,5,8
DRYAIR24,7711720,FSNTOA,-0.285116,-1.5583,0.613276,-0.00093,-0.00637,6,8
DRYAIR24,7711720,SOILWATER_10CM,-2.03497,-2.57669,-1.72344,-0.14321,0.15315,8,8
DRYAIR24,7711720,TSOI_10CM,1.32108,0.596359,2.04068,0.08056,0.05377,8,8
DRYAIR24,7711720,T_l00,1.15914,-1.09508,3.67315,0.09769,0.42323,6,8
DRYAIR24,7711720,T_l01,-0.1575,-2.11359,1.83304,-0.01447,0.37540,5,8
DRYAIR24,7711720,T_l02,-0.665186,-2.31081,0.829532,-0.06742,0.38568,7,8
DRYAIR24,7711720,T_l03,-2.06266,-3.50604,-0.961897,-0.23123,0.35837,8,8
DRYAIR24,7711720,T_l04,-2.16547,-3.15973,-1.61232,-0.24730,0.40436,8,8
DRYAIR24,7711720,T_l05,-0.991408,-1.23189,-0.607851,-0.08711,0.18630,8,8
DRYAIR24,7711720,T_l06,-0.814559,-1.01629,-0.545538,-0.06543,0.07494,8,8
DRYAIR24,7711720,T_l07,-0.380582,-0.495956,-0.160315,-0.04236,0.03798,8,8
DRYAIR24,7711720,T_l08,-0.351836,-0.566434,-0.278743,-0.05231,0.03571,8,8
DRYAIR24,7711720,T_l09,-0.756903,-0.856949,-0.549314,-0.08677,0.08366,8,8
DRYAIR24,7711720,T_l10,-0.519409,-0.768553,-0.309468,-0.04579,0.07198,8,8
DRYAIR24,7711720,T_l11,-0.506474,-0.784555,-0.29993,-0.03623,0.04823,8,8
DRYAIR24,7711720,T_l12,-0.311232,-0.605513,-0.102466,-0.02088,0.03764,8,8
DRYAIR24,7711720,T_l13,-0.240789,-0.538413,0.00193329,-0.01588,0.03330,7,8
DRYAIR24,7711720,T_l14,-0.302122,-0.610642,-0.0732513,-0.01944,0.02682,8,8
DRYAIR24,7711720,T_l15,-0.0776068,-0.337148,0.105563,-0.00493,0.00896,6,8
DRYAIR24,7711720,T_l16,-0.03459,-0.297971,0.159432,-0.00210,-0.01058,5,8
DRYAIR24,7711720,T_l17,-0.116464,-0.398791,0.0289238,-0.00555,-0.02180,6,8
DRYAIR24,7711720,U_l00,-8.95573,-20.8731,-3.11619,-0.35200,0.65102,8,8
DRYAIR24,7711720,U_l01,-3.45883,-6.47126,1.00208,-0.15610,0.52243,7,8
DRYAIR24,7711720,U_l02,-1.82914,-6.89706,0.55566,-0.09251,0.30317,7,8
DRYAIR24,7711720,U_l03,-2.30895,-6.82635,-1.65945,-0.13271,0.24631,8,8
DRYAIR24,7711720,U_l04,1.06159,-1.04739,3.18333,0.07594,0.24485,6,8
DRYAIR24,7711720,U_l05,0.0317088,-0.950851,0.821265,0.00249,0.21614,4,8
DRYAIR24,7711720,U_l06,-0.462831,-1.46254,0.495943,-0.03521,0.15017,7,8
DRYAIR24,7711720,U_l07,-0.561963,-1.2534,0.100286,-0.03466,0.09915,7,8
DRYAIR24,7711720,U_l08,-0.665969,-1.27,-0.181214,-0.03713,0.07761,8,8
DRYAIR24,7711720,U_l09,-0.421597,-0.83594,-0.00364293,-0.02350,0.05930,8,8
DRYAIR24,7711720,U_l10,-0.201931,-0.472649,0.160544,-0.01187,0.05374,7,8
DRYAIR24,7711720,U_l11,0.239315,0.0388771,0.460067,0.01632,0.08442,8,8
DRYAIR24,7711720,U_l12,0.271822,0.039908,0.502213,0.02232,0.10180,8,8
DRYAIR24,7711720,U_l13,0.123087,-0.106216,0.380332,0.01190,0.12235,6,8
DRYAIR24,7711720,U_l14,0.0593072,-0.0738619,0.334179,0.00642,0.15485,6,8
DRYAIR24,7711720,U_l15,-0.0638052,-0.198435,0.106791,-0.00743,0.11075,5,8
DRYAIR24,7711720,U_l16,-0.0204711,-0.098868,0.0755243,-0.00236,0.08677,5,8
DRYAIR24,7711720,U_l17,0.0112595,-0.0528448,0.0768114,0.00197,0.07717,5,8
DRYAIR24,7711720,V_l00,-0.206257,-0.228531,-0.106836,-0.01979,1.38444,8,8
DRYAIR24,7711720,V_l01,-0.0730119,-0.245801,0.0318734,-0.00775,1.08727,7,8
DRYAIR24,7711720,V_l02,-0.00531414,-0.103645,0.0350119,-0.00063,0.65200,4,8
DRYAIR24,7711720,V_l03,-0.0494321,-0.0789317,0.022646,-0.00651,0.47921,7,8
DRYAIR24,7711720,V_l04,-0.185003,-0.300271,-0.0847589,-0.02775,0.45430,8,8
DRYAIR24,7711720,V_l05,-0.204828,-0.303435,-0.147396,-0.03098,0.44529,8,8
DRYAIR24,7711720,V_l06,-0.0646606,-0.151238,-0.01061,-0.00848,0.33090,8,8
DRYAIR24,7711720,V_l07,-0.442352,-0.505861,-0.411663,-0.04440,0.13311,8,8
DRYAIR24,7711720,V_l08,-0.445699,-0.48534,-0.362949,-0.03704,0.06391,8,8
DRYAIR24,7711720,V_l09,-0.222936,-0.270953,-0.194264,-0.01701,0.04657,8,8
DRYAIR24,7711720,V_l10,-0.0327237,-0.0949514,0.0244666,-0.00254,0.02046,6,8
DRYAIR24,7711720,V_l11,0.0333632,-0.0245355,0.0899774,0.00298,0.02285,6,8
DRYAIR24,7711720,V_l12,0.0627272,-0.0172291,0.0840604,0.00689,0.05231,7,8
DRYAIR24,7711720,V_l13,-0.0580389,-0.0990716,-0.0377292,-0.00767,0.10108,8,8
DRYAIR24,7711720,V_l14,-0.00431545,-0.0379868,0.0206414,-0.00065,0.12545,5,8
DRYAIR24,7711720,V_l15,-0.0563495,-0.107241,-0.0300746,-0.00903,0.08761,8,8
DRYAIR24,7711720,V_l16,-0.0669086,-0.134522,-0.0448363,-0.01003,0.05401,8,8
DRYAIR24,7711720,V_l17,-0.0816361,-0.120313,-0.0427711,-0.01739,0.03829,8,8
DRYAIR24,7711720,Z3_l00,-70.4702,-196.387,45.7997,-0.06633,0.18579,7,8
DRYAIR24,7711720,Z3_l01,-82.8494,-154.292,-24.485,-0.09664,0.20412,8,8
DRYAIR24,7711720,Z3_l02,-73.5731,-117.737,-47.7239,-0.10265,0.18518,8,8
DRYAIR24,7711720,Z3_l03,-62.9053,-85.5403,-43.9966,-0.09981,0.16029,8,8
DRYAIR24,7711720,Z3_l04,-21.7648,-26.4854,-4.20499,-0.04057,0.09293,8,8
DRYAIR24,7711720,Z3_l05,-9.08868,-14.0149,6.57958,-0.01773,0.06299,7,8
DRYAIR24,7711720,Z3_l06,-0.655277,-7.43525,12.2872,-0.00123,0.05246,5,8
DRYAIR24,7711720,Z3_l07,5.71968,-1.76217,14.8106,0.00984,0.04138,6,8
DRYAIR24,7711720,Z3_l08,9.0158,3.79002,17.6862,0.01586,0.03007,8,8
DRYAIR24,7711720,Z3_l09,15.5285,10.5958,25.1668,0.03027,0.03656,8,8
DRYAIR24,7711720,Z3_l10,22.5426,16.6967,33.1347,0.04666,0.06493,8,8
DRYAIR24,7711720,Z3_l11,30.7122,23.2632,45.0072,0.06543,0.12878,8,8
DRYAIR24,7711720,Z3_l12,38.2855,27.9633,57.2825,0.07467,0.18295,8,8
DRYAIR24,7711720,Z3_l13,44.3233,31.0697,67.7798,0.07549,0.20828,8,8
DRYAIR24,7711720,Z3_l14,49.6534,34.0711,77.0375,0.07575,0.21545,8,8
DRYAIR24,7711720,Z3_l15,53.7107,35.9852,84.4945,0.07301,0.21243,8,8
DRYAIR24,7711720,Z3_l16,56.9876,37.932,89.9895,0.07341,0.20942,8,8
DRYAIR24,7711720,Z3_l17,58.4336,38.2059,93.261,0.07165,0.20481,8,8
DRYAIR24,7711720,RELHUM_l00,0.00569478,0.00284582,0.00923748,0.10219,0.60750,8,8
DRYAIR24,7711720,RELHUM_l01,0.0589593,0.0124825,0.0808898,0.07313,0.28254,8,8
DRYAIR24,7711720,RELHUM_l02,0.262137,0.123538,0.45767,0.08459,0.26805,8,8
DRYAIR24,7711720,RELHUM_l03,0.497861,0.32369,0.999217,0.08396,0.15355,8,8
DRYAIR24,7711720,RELHUM_l04,2.5983,1.92676,4.27568,0.32675,0.41484,8,8
DRYAIR24,7711720,RELHUM_l05,5.17376,2.72596,6.79734,0.33095,0.50081,8,8
DRYAIR24,7711720,RELHUM_l06,1.83193,1.20255,2.52508,0.06037,0.11263,8,8
DRYAIR24,7711720,RELHUM_l07,-0.647044,-1.41398,-0.176734,-0.01951,0.12899,8,8
DRYAIR24,7711720,RELHUM_l08,0.0324002,-1.03034,0.74286,0.00090,0.04009,4,8
DRYAIR24,7711720,RELHUM_l09,3.12415,2.6892,3.60924,0.08749,0.03123,8,8
DRYAIR24,7711720,RELHUM_l10,3.63741,3.04309,4.41803,0.10538,0.05510,8,8
DRYAIR24,7711720,RELHUM_l11,2.57117,2.14821,3.25558,0.07456,0.07046,8,8
DRYAIR24,7711720,RELHUM_l12,2.12869,1.8716,2.90665,0.06219,0.05531,8,8
DRYAIR24,7711720,RELHUM_l13,1.37456,1.08152,1.87997,0.04179,0.04616,8,8
DRYAIR24,7711720,RELHUM_l14,1.66849,1.36151,1.97455,0.05252,0.06401,8,8
DRYAIR24,7711720,RELHUM_l15,0.139852,-0.211906,0.629879,0.00547,0.13736,5,8
DRYAIR24,7711720,RELHUM_l16,0.568082,0.0396615,0.889026,0.02641,0.09219,8,8
DRYAIR24,7711720,RELHUM_l17,1.42067,1.02606,1.74635,0.07372,0.05795,8,8
DRYAIR24,7711720,PRECT,-2.03718e-09,-2.99553e-09,-1.21185e-09,-0.02452,0.06412,8,8
B22,7707597,PS,-689.644,-758.962,-497.362,-0.07373,0.26920,8,8
B22,7707597,TREFHT,0.0893655,0.0245651,0.221684,0.00421,-0.01124,8,8
B22,7707597,U10,-0.257936,-0.322353,-0.203538,-0.06997,0.00076,8,8
B22,7707597,RHREFHT,0.866596,0.616483,0.997052,0.04761,-0.02163,8,8
B22,7707597,PSL,26.1886,1.2166,43.1569,0.01734,0.01526,8,8
B22,7707597,TMQ,0.161952,0.125203,0.407784,0.00923,-0.04127,8,8
B22,7707597,FSNT,-1.95969,-2.62704,-1.34291,-0.00638,-0.00670,8,8
B22,7707597,FSNTOA,-1.60636,-2.23902,-1.04489,-0.00523,-0.00663,8,8
B22,7707597,SOILWATER_10CM,-2.70433,-2.92663,-2.1429,-0.19032,0.21054,8,8
B22,7707597,TSOI_10CM,0.487542,0.074405,0.79681,0.02973,0.01648,8,8
B22,7707597,T_l00,4.24093,2.47979,5.15554,0.35743,0.47342,8,8
B22,7707597,T_l01,2.25876,1.17561,2.9625,0.20752,0.29763,8,8
B22,7707597,T_l02,0.877018,0.133219,1.52491,0.08890,0.28574,8,8
B22,7707597,T_l03,-1.06822,-1.4061,-0.535613,-0.11975,0.22120,8,8
B22,7707597,T_l04,-1.8615,-2.04567,-1.62947,-0.21259,0.27586,8,8
B22,7707597,T_l05,-1.48551,-1.62317,-1.22208,-0.13053,0.11730,8,8
B22,7707597,T_l06,-1.08749,-1.16994,-0.762573,-0.08735,0.05138,8,8
B22,7707597,T_l07,-0.496439,-0.611743,-0.221177,-0.05526,0.04962,8,8
B22,7707597,T_l08,-0.678464,-0.780797,-0.457495,-0.10087,0.04915,8,8
B22,7707597,T_l09,-0.732264,-0.865704,-0.485549,-0.08395,0.01641,8,8
B22,7707597,T_l10,-0.524445,-0.670379,-0.232917,-0.04624,0.01662,8,8
B22,7707597,T_l11,-0.436704,-0.54155,-0.181001,-0.03123,0.02308,8,8
B22,7707597,T_l12,-0.312103,-0.390157,-0.107189,-0.02094,0.02115,8,8
B22,7707597,T_l13,-0.237698,-0.26988,-0.0646142,-0.01568,0.02000,8,8
B22,7707597,T_l14,-0.145534,-0.176455,0.0250754,-0.00937,0.01569,7,8
B22,7707597,T_l15,0.104661,0.0356703,0.273128,0.00665,0.01590,8,8
B22,7707597,T_l16,0.193445,0.113144,0.346821,0.01176,-0.00246,8,8
B22,7707597,T_l17,0.158559,0.0828747,0.296463,0.00756,-0.01027,8,8
B22,7707597,U_l00,-14.4861,-16.5536,-11.6905,-0.56938,0.46963,8,8
B22,7707597,U_l01,-4.6151,-5.66006,-3.36641,-0.20828,0.24358,8,8
B22,7707597,U_l02,-2.51107,-4.02276,-1.43983,-0.12700,0.18748,8,8
B22,7707597,U_l03,0.274497,-1.23671,1.45459,0.01578,0.32740,5,8
B22,7707597,U_l04,4.1164,2.20155,4.63299,0.29447,0.05655,8,8
B22,7707597,U_l05,1.35447,0.529071,1.60032,0.10645,0.13902,8,8
B22,7707597,U_l06,0.615426,0.0502441,0.709636,0.04682,0.09650,8,8
B22,7707597,U_l07,0.509528,0.138662,0.713288,0.03143,0.01069,8,8
B22,7707597,U_l08,0.395063,-0.0216676,0.772185,0.02203,-0.00152,7,8
B22,7707597,U_l09,0.448437,0.0587323,0.839341,0.02499,-0.01359,8,8
B22,7707597,U_l10,0.552865,0.24521,0.907398,0.03250,-0.02103,8,8
B22,7707597,U_l11,0.8339,0.597349,1.09474,0.05687,-0.00120,8,8
B22,7707597,U_l12,0.643928,0.435086,0.790993,0.05286,0.03057,8,8
B22,7707597,U_l13,0.252214,0.0896583,0.336988,0.02438,0.03911,8,8
B22,7707597,U_l14,-0.0353809,-0.164613,0.0555851,-0.00383,0.04185,5,8
B22,7707597,U_l15,0.038804,-0.0857942,0.077655,0.00452,0.01306,6,8
B22,7707597,U_l16,0.071622,-0.0606594,0.0906786,0.00826,0.00348,6,8
B22,7707597,U_l17,0.0626308,0.000447207,0.0840914,0.01093,-0.00150,8,8
B22,7707597,V_l00,-0.115583,-0.221792,-0.0824872,-0.01109,1.51423,8,8
B22,7707597,V_l01,0.0338763,0.0185532,0.102866,0.00360,1.00571,8,8
B22,7707597,V_l02,0.129929,0.0611171,0.163475,0.01552,0.59629,8,8
B22,7707597,V_l03,0.13693,0.100812,0.147792,0.01804,0.43828,8,8
B22,7707597,V_l04,-0.131891,-0.152812,-0.0974163,-0.01978,0.40755,8,8
B22,7707597,V_l05,-0.0305467,-0.0366978,0.00933051,-0.00462,0.36793,7,8
B22,7707597,V_l06,-0.0921384,-0.11704,-0.0128571,-0.01209,0.22171,8,8
B22,7707597,V_l07,-0.34922,-0.517601,-0.310634,-0.03505,0.06064,8,8
B22,7707597,V_l08,-0.265869,-0.347467,-0.23428,-0.02210,0.03246,8,8
B22,7707597,V_l09,-0.138859,-0.158913,-0.128069,-0.01060,0.01428,8,8
B22,7707597,V_l10,-0.0330759,-0.0514457,0.00577977,-0.00257,-0.00284,7,8
B22,7707597,V_l11,0.0215959,-0.00519018,0.0550832,0.00193,-0.00895,7,8
B22,7707597,V_l12,0.0333198,0.0256558,0.0700474,0.00366,0.01235,8,8
B22,7707597,V_l13,-0.0350517,-0.0510195,-0.019388,-0.00463,0.04665,8,8
B22,7707597,V_l14,0.132637,0.101646,0.155497,0.01991,0.06299,8,8
B22,7707597,V_l15,0.0502856,0.0132753,0.0727387,0.00806,0.03487,8,8
B22,7707597,V_l16,0.061772,0.00331984,0.0995561,0.00926,0.00646,8,8
B22,7707597,V_l17,0.0765726,0.0364049,0.115214,0.01631,-0.00917,8,8
B22,7707597,Z3_l00,45.0589,1.16614,85.7121,0.04241,0.17166,8,8
B22,7707597,Z3_l01,-39.1176,-61.7784,-17.1332,-0.04563,0.15248,8,8
B22,7707597,Z3_l02,-62.866,-79.2296,-55.4208,-0.08771,0.14991,8,8
B22,7707597,Z3_l03,-66.3423,-75.9977,-51.6115,-0.10526,0.13688,8,8
B22,7707597,Z3_l04,-41.8999,-47.392,-24.6041,-0.07811,0.08926,8,8
B22,7707597,Z3_l05,-28.2919,-33.7292,-13.1646,-0.05520,0.06511,8,8
B22,7707597,Z3_l06,-17.2908,-22.748,-4.37548,-0.03248,0.04502,8,8
B22,7707597,Z3_l07,-9.48352,-14.5566,1.22741,-0.01631,0.01790,7,8
B22,7707597,Z3_l08,1.65224,-3.18134,10.9095,0.00291,-0.00370,5,8
B22,7707597,Z3_l09,16.1535,11.3666,25.1342,0.03149,0.01633,8,8
B22,7707597,Z3_l10,25.4714,19.381,33.7207,0.05273,0.05910,8,8
B22,7707597,Z3_l11,37.185,28.0672,42.8135,0.07922,0.15540,8,8
B22,7707597,Z3_l12,46.6338,35.0032,51.4486,0.09095,0.23805,8,8
B22,7707597,Z3_l13,52.6748,39.3029,57.806,0.08971,0.26761,8,8
B22,7707597,Z3_l14,58.0069,44.0131,63.9452,0.08849,0.28066,8,8
B22,7707597,Z3_l15,60.7134,46.3983,67.3517,0.08253,0.27563,8,8
B22,7707597,Z3_l16,61.4098,47.0739,68.4309,0.07911,0.26913,8,8
B22,7707597,Z3_l17,61.0174,46.4913,68.2879,0.07482,0.26404,8,8
B22,7707597,RELHUM_l00,-0.000479515,-0.00236837,0.00181584,-0.00860,0.15256,5,8
B22,7707597,RELHUM_l01,-0.0174277,-0.0325665,-0.00246882,-0.02162,-0.01853,8,8
B22,7707597,RELHUM_l02,0.0795084,0.0452995,0.115306,0.02566,0.05771,8,8
B22,7707597,RELHUM_l03,0.369796,0.321653,0.450442,0.06236,0.09688,8,8
B22,7707597,RELHUM_l04,1.70434,1.5412,1.8605,0.21433,0.26792,8,8
B22,7707597,RELHUM_l05,3.8103,3.41837,4.10582,0.24374,0.24076,8,8
B22,7707597,RELHUM_l06,1.93078,1.62329,2.78378,0.06363,0.05764,8,8
B22,7707597,RELHUM_l07,-0.885665,-1.11084,-0.346569,-0.02670,0.03651,8,8
B22,7707597,RELHUM_l08,0.0458454,-0.259001,0.357182,0.00127,0.03300,5,8
B22,7707597,RELHUM_l09,1.85438,1.48845,2.22225,0.05193,0.02823,8,8
B22,7707597,RELHUM_l10,2.29687,2.1437,2.86105,0.06654,0.02715,8,8
B22,7707597,RELHUM_l11,1.78117,1.51764,2.26362,0.05165,0.04950,8,8
B22,7707597,RELHUM_l12,1.40855,1.0677,1.81416,0.04115,0.02276,8,8
B22,7707597,RELHUM_l13,1.30757,1.09053,1.70291,0.03975,0.00674,8,8
B22,7707597,RELHUM_l14,1.45621,1.17066,1.82539,0.04584,0.01211,8,8
B22,7707597,RELHUM_l15,0.50722,-0.126901,0.854357,0.01984,0.03736,7,8
B22,7707597,RELHUM_l16,0.752108,0.257064,1.0309,0.03496,-0.01139,8,8
B22,7707597,RELHUM_l17,0.803198,0.543125,0.950157,0.04168,-0.01890,8,8
B22,7707597,PRECT,-2.47775e-09,-3.01182e-09,-2.20306e-09,-0.02983,-0.03700,8,8
B24,7707597,PS,1423.56,1314.59,1747.13,0.15220,0.34862,8,8
B24,7707597,TREFHT,0.779302,0.646846,1.21354,0.03673,0.00817,8,8
B24,7707597,U10,-0.338162,-0.527634,-0.233141,-0.09173,0.04407,8,8
B24,7707597,RHREFHT,0.733554,0.296347,0.823321,0.04030,0.11699,8,8
B24,7707597,PSL,-40.279,-217.459,-13.1694,-0.02668,0.14576,8,8
B24,7707597,TMQ,0.788648,0.254002,1.59761,0.04494,-0.02754,8,8
B24,7707597,FSNT,3.42864,1.7307,5.82601,0.01116,0.01416,8,8
B24,7707597,FSNTOA,3.02012,1.16634,5.22757,0.00983,0.01400,8,8
B24,7707597,SOILWATER_10CM,-3.1193,-3.69887,-2.44337,-0.21952,0.19679,8,8
B24,7707597,TSOI_10CM,2.11517,1.67167,2.80624,0.12898,0.26204,8,8
B24,7707597,T_l00,2.16308,0.61858,3.34229,0.18231,0.43856,8,8
B24,7707597,T_l01,0.767349,-0.124542,1.94542,0.07050,0.33429,7,8
B24,7707597,T_l02,0.372691,-0.582737,1.27217,0.03778,0.35628,6,8
B24,7707597,T_l03,-1.0168,-1.80387,-0.635883,-0.11398,0.37590,8,8
B24,7707597,T_l04,-1.76297,-2.3095,-1.40328,-0.20134,0.39842,8,8
B24,7707597,T_l05,-1.21205,-1.56178,-1.06401,-0.10650,0.18641,8,8
B24,7707597,T_l06,-1.14721,-1.21492,-0.889886,-0.09214,0.10810,8,8
B24,7707597,T_l07,-0.937528,-1.59296,-0.661567,-0.10436,0.07926,8,8
B24,7707597,T_l08,-0.804507,-1.64839,-0.357948,-0.11961,-0.00474,8,8
B24,7707597,T_l09,-0.911139,-1.84709,-0.233502,-0.10445,0.02599,8,8
B24,7707597,T_l10,-0.659348,-1.48734,0.149756,-0.05813,0.04550,7,8
B24,7707597,T_l11,-0.486652,-1.24784,0.357864,-0.03481,0.04036,7,8
B24,7707597,T_l12,-0.0307361,-0.746785,0.789984,-0.00206,0.03419,5,8
B24,7707597,T_l13,0.21557,-0.329668,0.94792,0.01422,0.03050,7,8
B24,7707597,T_l14,0.261996,-0.177783,0.875039,0.01686,0.01489,7,8
B24,7707597,T_l15,0.822034,0.574709,1.40122,0.05222,0.00173,8,8
B24,7707597,T_l16,0.937377,0.765035,1.46798,0.05698,0.00104,8,8
B24,7707597,T_l17,0.863944,0.732422,1.28164,0.04118,0.00382,8,8
B24,7707597,U_l00,-4.62522,-7.3665,-2.08726,-0.18179,0.46631,8,8
B24,7707597,U_l01,7.15516,5.56642,8.76565,0.32292,0.27490,8,8
B24,7707597,U_l02,6.26186,5.54874,8.97003,0.31670,0.25814,8,8
B24,7707597,U_l03,0.854384,-0.00526548,3.0933,0.04911,0.32758,6,8
B24,7707597,U_l04,0.861934,-0.0128499,1.30825,0.06166,0.22650,7,8
B24,7707597,U_l05,-0.158594,-0.750078,0.189889,-0.01246,0.14121,6,8
B24,7707597,U_l06,-0.38526,-1.02592,0.0365509,-0.02931,0.11357,6,8
B24,7707597,U_l07,-0.723194,-1.53179,-0.419876,-0.04460,0.09653,8,8
B24,7707597,U_l08,-1.1532,-1.91866,-0.938579,-0.06429,0.08754,8,8
B24,7707597,U_l09,-1.12643,-1.91827,-0.871376,-0.06279,0.04954,8,8
B24,7707597,U_l10,-0.700305,-1.2862,-0.456959,-0.04116,0.03898,8,8
B24,7707597,U_l11,0.0227053,-0.230932,0.217952,0.00155,0.07708,5,8
B24,7707597,U_l12,0.458483,0.105063,0.681058,0.03764,0.10970,8,8
B24,7707597,U_l13,0.296703,-0.0998024,0.515669,0.02868,0.13240,7,8
B24,7707597,U_l14,0.0159436,-0.153769,0.173124,0.00173,0.14364,4,8
B24,7707597,U_l15,-0.256251,-0.441169,-0.117884,-0.02984,0.09851,8,8
B24,7707597,U_l16,-0.48437,-0.633664,-0.377056,-0.05585,0.07431,8,8
B24,7707597,U_l17,-0.173509,-0.264878,-0.101392,-0.03029,0.06949,8,8
B24,7707597,V_l00,0.00596751,-0.085007,0.0497467,0.00057,1.60037,4,8
B24,7707597,V_l01,0.222965,-0.121086,0.341838,0.02366,1.52229,7,8
B24,7707597,V_l02,-0.0158139,-0.385132,0.119718,-0.00189,0.77834,5,8
B24,7707597,V_l03,-0.00433776,-0.469768,0.0473634,-0.00057,0.51678,5,8
B24,7707597,V_l04,-0.229141,-0.502433,-0.114069,-0.03437,0.48228,8,8
B24,7707597,V_l05,-0.154436,-0.451238,-0.0723675,-0.02336,0.44154,8,8
B24,7707597,V_l06,0.193159,0.118285,0.449664,0.02535,0.31137,8,8
B24,7707597,V_l07,-0.0822871,-0.19265,-0.0252104,-0.00826,0.14383,8,8
B24,7707597,V_l08,-0.180992,-0.303787,-0.11244,-0.01504,0.10809,8,8
B24,7707597,V_l09,-0.106562,-0.14987,-0.0782136,-0.00813,0.07768,8,8
B24,7707597,V_l10,0.0107671,-0.0175454,0.0635659,0.00084,0.05380,6,8
B24,7707597,V_l11,0.0896557,0.0493348,0.170368,0.00802,0.05321,8,8
B24,7707597,V_l12,0.160289,0.0908973,0.242973,0.01761,0.07044,8,8
B24,7707597,V_l13,-0.0830278,-0.112511,0.0286128,-0.01097,0.10253,7,8
B24,7707597,V_l14,0.0339673,0.00987478,0.0928233,0.00510,0.12250,8,8
B24,7707597,V_l15,0.0185611,-0.0217315,0.0410836,0.00297,0.07849,6,8
B24,7707597,V_l16,-0.0557675,-0.0851057,0.0419594,-0.00836,0.05041,7,8
B24,7707597,V_l17,-0.0999492,-0.130548,0.0330638,-0.02129,0.03168,7,8
B24,7707597,Z3_l00,-53.2811,-142.803,10.1221,-0.05015,0.16409,7,8
B24,7707597,Z3_l01,-87.1425,-152.111,-54.8216,-0.10165,0.16725,8,8
B24,7707597,Z3_l02,-99.1611,-167.306,-78.2835,-0.13835,0.14787,8,8
B24,7707597,Z3_l03,-99.5613,-170.631,-73.5017,-0.15796,0.11957,8,8
B24,7707597,Z3_l04,-66.7158,-131.278,-38.6475,-0.12437,0.04073,8,8
B24,7707597,Z3_l05,-55.8311,-115.542,-24.5284,-0.10893,0.00286,8,8
B24,7707597,Z3_l06,-46.8048,-108.06,-12.4905,-0.08791,-0.01245,8,8
B24,7707597,Z3_l07,-36.9338,-92.3114,-3.57638,-0.06352,-0.01083,8,8
B24,7707597,Z3_l08,-38.748,-87.9899,-11.4717,-0.06817,-0.02853,8,8
B24,7707597,Z3_l09,-57.3617,-101.934,-39.4915,-0.11183,-0.02094,8,8
B24,7707597,Z3_l10,-67.2741,-107.214,-54.8344,-0.13926,0.03006,8,8
B24,7707597,Z3_l11,-83.2458,-117.335,-74.2956,-0.17734,0.15612,8,8
B24,7707597,Z3_l12,-99.6494,-126.653,-86.5571,-0.19434,0.26647,8,8
B24,7707597,Z3_l13,-112.628,-136.613,-98.3442,-0.19181,0.31170,8,8
B24,7707597,Z3_l14,-119.941,-142.588,-105.771,-0.18298,0.33628,8,8
B24,7707597,Z3_l15,-129.535,-151.71,-115.402,-0.17608,0.33267,8,8
B24,7707597,Z3_l16,-134.537,-156.476,-120.39,-0.17331,0.32936,8,8
B24,7707597,Z3_l17,-139.073,-162.531,-124.84,-0.17052,0.32479,8,8
B24,7707597,RELHUM_l00,0.00684021,0.00542203,0.0151852,0.12274,0.65061,8,8
B24,7707597,RELHUM_l01,0.0526348,0.0371236,0.0952643,0.06529,0.23847,8,8
B24,7707597,RELHUM_l02,0.221554,0.187215,0.347957,0.07149,0.14531,8,8
B24,7707597,RELHUM_l03,0.469768,0.43233,0.71811,0.07922,0.08547,8,8
B24,7707597,RELHUM_l04,2.269,2.10408,3.15354,0.28534,0.55155,8,8
B24,7707597,RELHUM_l05,3.62893,3.02732,4.08132,0.23213,0.32187,8,8
B24,7707597,RELHUM_l06,2.09228,1.34729,2.73516,0.06895,0.10678,8,8
B24,7707597,RELHUM_l07,1.46587,0.955259,2.52963,0.04420,0.13533,8,8
B24,7707597,RELHUM_l08,1.24131,0.457491,2.51469,0.03451,0.00210,8,8
B24,7707597,RELHUM_l09,4.59338,4.20502,6.81828,0.12863,0.01895,8,8
B24,7707597,RELHUM_l10,5.88172,5.66644,7.74987,0.17040,0.04284,8,8
B24,7707597,RELHUM_l11,4.45675,3.59229,6.11393,0.12924,0.06008,8,8
B24,7707597,RELHUM_l12,3.35533,2.37863,5.71326,0.09802,0.03784,8,8
B24,7707597,RELHUM_l13,3.23639,2.47902,5.10748,0.09840,0.02347,8,8
B24,7707597,RELHUM_l14,4.51561,4.36049,6.59637,0.14215,0.04633,8,8
B24,7707597,RELHUM_l15,0.346197,-0.213168,1.0619,0.01354,0.07337,5,8
B24,7707597,RELHUM_l16,0.702217,-0.0590403,1.00036,0.03264,0.09195,7,8
B24,7707597,RELHUM_l17,0.740832,0.351954,0.855629,0.03844,0.10504,8,8
B24,7707597,PRECT,-1.2238e-09,-1.56151e-09,-5.7416e-10,-0.01473,-0.00237,8,8
FD14,7727731,PS,1339.65,1263.46,1590.03,0.14323,1.07513,8,8
FD14,7727731,TREFHT,1.73231,1.61195,1.79959,0.08164,0.10554,8,8
FD14,7727731,U10,-0.355959,-0.393116,-0.313337,-0.09656,-0.02090,8,8
FD14,7727731,RHREFHT,-0.343743,-0.490399,-0.252849,-0.01888,0.03027,8,8
FD14,7727731,PSL,-81.6517,-87.9578,-71.0024,-0.05408,0.00837,8,8
FD14,7727731,TMQ,1.85493,1.68358,1.9653,0.10571,0.05354,8,8
FD14,7727731,FSNT,3.90933,3.4366,4.07907,0.01273,0.00430,8,8
FD14,7727731,FSNTOA,3.88957,3.38994,4.08346,0.01266,0.00461,8,8
FD14,7727731,T_l00,1.62089,1.30584,1.94132,0.13661,0.08357,8,8
FD14,7727731,T_l01,2.4229,2.28892,2.7057,0.22260,0.23141,8,8
FD14,7727731,T_l02,1.41865,1.35389,1.64584,0.14380,0.08360,8,8
FD14,7727731,T_l03,0.781098,0.737255,0.949771,0.08756,-0.00821,8,8
FD14,7727731,T_l04,-0.403652,-0.413503,-0.296835,-0.04610,-0.01602,8,8
FD14,7727731,T_l05,-0.369698,-0.490188,-0.289854,-0.03248,-0.04484,8,8
FD14,7727731,T_l06,-1.18421,-1.30614,-1.09201,-0.09512,-0.03985,8,8
FD14,7727731,T_l07,-1.34787,-1.43909,-1.31385,-0.15003,0.02594,8,8
FD14,7727731,T_l08,-1.07714,-1.14579,-0.976555,-0.16015,0.01179,8,8
FD14,7727731,T_l09,-0.493207,-0.575637,-0.390917,-0.05654,-0.01502,8,8
FD14,7727731,T_l10,0.226836,0.133836,0.278943,0.02000,0.00494,8,8
FD14,7727731,T_l11,0.642052,0.555319,0.699555,0.04592,0.04587,8,8
FD14,7727731,T_l12,1.00344,0.927181,1.07752,0.06733,0.08402,8,8
FD14,7727731,T_l13,1.0035,0.933822,1.09947,0.06620,0.09154,8,8
FD14,7727731,T_l14,1.24474,1.1713,1.35048,0.08011,0.09280,8,8
FD14,7727731,T_l15,1.66357,1.54951,1.73599,0.10567,0.11529,8,8
FD14,7727731,T_l16,1.82404,1.7013,1.88934,0.11087,0.12837,8,8
FD14,7727731,T_l17,1.68661,1.56858,1.75062,0.08040,0.10408,8,8
FD14,7727731,U_l00,-4.83241,-6.30243,-4.09335,-0.18994,0.21744,8,8
FD14,7727731,U_l01,-7.05987,-8.45611,-6.36999,-0.31862,0.12158,8,8
FD14,7727731,U_l02,-7.40027,-8.07807,-6.94771,-0.37428,0.06478,8,8
FD14,7727731,U_l03,-4.58368,-5.47129,-3.96818,-0.26345,0.23781,8,8
FD14,7727731,U_l04,-3.44044,-3.59177,-3.22199,-0.24611,0.21115,8,8
FD14,7727731,U_l05,-3.34663,-3.53431,-3.12007,-0.26302,0.12037,8,8
FD14,7727731,U_l06,-2.8322,-3.07718,-2.55402,-0.21547,0.19604,8,8
FD14,7727731,U_l07,-3.808,-4.10093,-3.57452,-0.23486,-0.01681,8,8
FD14,7727731,U_l08,-4.00787,-4.10224,-3.80477,-0.22345,-0.05230,8,8
FD14,7727731,U_l09,-3.16426,-3.25868,-3.03105,-0.17637,-0.07647,8,8
FD14,7727731,U_l10,-2.59005,-2.77191,-2.51317,-0.15224,-0.07443,8,8
FD14,7727731,U_l11,-2.1136,-2.33039,-2.06555,-0.14415,-0.05091,8,8
FD14,7727731,U_l12,-1.48042,-1.63942,-1.424,-0.12153,-0.05232,8,8
FD14,7727731,U_l13,-0.929877,-1.02584,-0.862679,-0.08990,-0.02888,8,8
FD14,7727731,U_l14,-0.175301,-0.250391,-0.126025,-0.01898,-0.02588,8,8
FD14,7727731,U_l15,0.333418,0.22713,0.403806,0.03883,-0.04366,8,8
FD14,7727731,U_l16,0.589733,0.468244,0.664217,0.06800,-0.03328,8,8
FD14,7727731,U_l17,0.225994,0.145913,0.27459,0.03945,-0.04373,8,8
FD14,7727731,V_l00,0.0568745,0.030704,0.0691579,0.00546,-0.00822,8,8
FD14,7727731,V_l01,0.126648,0.104262,0.172991,0.01344,0.04394,8,8
FD14,7727731,V_l02,-0.130593,-0.171958,-0.112659,-0.01560,0.01712,8,8
FD14,7727731,V_l03,0.0119208,0.000335476,0.0280699,0.00157,0.03391,8,8
FD14,7727731,V_l04,-0.117223,-0.13268,-0.100183,-0.01758,0.01795,8,8
FD14,7727731,V_l05,0.295132,0.273902,0.311297,0.04464,-0.01540,8,8
FD14,7727731,V_l06,-0.17868,-0.202891,-0.142146,-0.02345,-0.09295,8,8
FD14,7727731,V_l07,0.0857757,0.0432854,0.133653,0.00861,-0.16399,8,8
FD14,7727731,V_l08,0.26282,0.185247,0.359305,0.02184,-0.17902,8,8
FD14,7727731,V_l09,0.264495,0.243508,0.31397,0.02018,-0.16086,8,8
FD14,7727731,V_l10,0.128638,0.10828,0.155237,0.00998,-0.14931,8,8
FD14,7727731,V_l11,0.124363,0.118253,0.140071,0.01112,-0.13992,8,8
FD14,7727731,V_l12,0.134189,0.107894,0.16269,0.01474,-0.12862,8,8
FD14,7727731,V_l13,-0.182568,-0.197776,-0.165548,-0.02412,-0.07791,8,8
FD14,7727731,V_l14,-0.0836932,-0.105953,-0.0661645,-0.01257,-0.05838,8,8
FD14,7727731,V_l15,-0.0235528,-0.0566547,0.00116388,-0.00377,-0.10431,7,8
FD14,7727731,V_l16,-0.10236,-0.15965,-0.0666662,-0.01534,-0.10091,8,8
FD14,7727731,V_l17,-0.0483148,-0.0884381,-0.0255579,-0.01029,-0.08331,8,8
FD14,7727731,Z3_l00,65.7401,60.1344,81.13,0.06188,0.01064,8,8
FD14,7727731,Z3_l01,14.9602,10.0407,24.0019,0.01745,-0.00801,8,8
FD14,7727731,Z3_l02,-21.9513,-25.3391,-15.5668,-0.03063,0.00533,8,8
FD14,7727731,Z3_l03,-33.634,-37.5322,-28.5901,-0.05336,0.03066,8,8
FD14,7727731,Z3_l04,-33.6347,-39.0271,-28.0546,-0.06270,0.05021,8,8
FD14,7727731,Z3_l05,-33.5197,-38.2492,-27.6128,-0.06540,0.05965,8,8
FD14,7727731,Z3_l06,-25.0978,-28.4305,-19.3511,-0.04714,0.05873,8,8
FD14,7727731,Z3_l07,-9.33545,-11.8771,-4.24829,-0.01606,0.03527,8,8
FD14,7727731,Z3_l08,-6.12267,-9.13781,-1.44157,-0.01077,0.10835,8,8
FD14,7727731,Z3_l09,-23.9808,-31.6619,-19.5594,-0.04675,0.46083,8,8
FD14,7727731,Z3_l10,-37.3888,-47.5086,-32.7343,-0.07740,0.73015,8,8
FD14,7727731,Z3_l11,-59.8934,-73.5444,-55.2535,-0.12759,1.10021,8,8
FD14,7727731,Z3_l12,-81.9597,-98.8153,-76.6542,-0.15984,1.27946,8,8
FD14,7727731,Z3_l13,-99.6903,-119.072,-93.4008,-0.16978,1.29568,8,8
FD14,7727731,Z3_l14,-113.972,-135.306,-107.117,-0.17387,1.27103,8,8
FD14,7727731,Z3_l15,-129.383,-152.488,-122.115,-0.17587,1.21727,8,8
FD14,7727731,Z3_l16,-137.372,-161.281,-129.561,-0.17697,1.19978,8,8
FD14,7727731,Z3_l17,-144.758,-169.267,-136.618,-0.17750,1.17529,8,8
FD14,7727731,RELHUM_l00,0.00345391,0.00280988,0.00454163,0.06198,0.24044,8,8
FD14,7727731,RELHUM_l01,-0.0210451,-0.0317929,-0.0156926,-0.02610,0.02794,8,8
FD14,7727731,RELHUM_l02,-0.0549609,-0.0806233,-0.026757,-0.01773,-0.01556,8,8
FD14,7727731,RELHUM_l03,-0.136822,-0.167627,-0.0699152,-0.02307,-0.06984,8,8
FD14,7727731,RELHUM_l04,-0.159978,-0.250236,-0.0378391,-0.02012,-0.07022,8,8
FD14,7727731,RELHUM_l05,-2.96822,-3.42634,-2.85788,-0.18987,-0.15483,8,8
FD14,7727731,RELHUM_l06,0.504448,0.313685,1.16077,0.01662,-0.05823,8,8
FD14,7727731,RELHUM_l07,2.28556,2.15675,2.62434,0.06891,-0.03520,8,8
FD14,7727731,RELHUM_l08,2.22454,1.73932,2.33091,0.06184,-0.01389,8,8
FD14,7727731,RELHUM_l09,0.910259,0.534387,1.0562,0.02549,-0.05754,8,8
FD14,7727731,RELHUM_l10,-0.980787,-1.28164,-0.892701,-0.02841,-0.03914,8,8
FD14,7727731,RELHUM_l11,-0.676385,-0.797405,-0.496693,-0.01961,-0.03762,8,8
FD14,7727731,RELHUM_l12,0.0243683,-0.118572,0.188288,0.00071,0.01668,6,8
FD14,7727731,RELHUM_l13,2.16417,1.97941,2.30397,0.06580,0.01103,8,8
FD14,7727731,RELHUM_l14,3.67307,3.33132,3.80721,0.11562,0.04604,8,8
FD14,7727731,RELHUM_l15,-0.578508,-0.85536,-0.467936,-0.02263,0.03955,8,8
FD14,7727731,RELHUM_l16,-0.541297,-0.680899,-0.410385,-0.02516,0.00029,8,8
FD14,7727731,RELHUM_l17,-0.255847,-0.433995,-0.173043,-0.01328,0.04077,8,8
FD14,7727731,PRECT,-2.57433e-09,-2.75986e-09,-2.07839e-09,-0.03099,-0.12362,8,8
FD22,7727731,PS,2428.83,2147.62,2539.34,0.25968,0.97350,8,8
FD22,7727731,TREFHT,1.74853,1.66772,1.87713,0.08240,0.11133,8,8
FD22,7727731,U10,-0.306544,-0.322324,-0.261384,-0.08316,-0.01386,8,8
FD22,7727731,RHREFHT,-0.542068,-0.703347,-0.42802,-0.02978,0.03075,8,8
FD22,7727731,PSL,-117.06,-132.796,-106.007,-0.07752,0.01166,8,8
FD22,7727731,TMQ,1.26239,1.08006,1.28206,0.07194,0.02563,8,8
FD22,7727731,FSNT,2.25996,1.78985,2.51935,0.00736,-0.00585,8,8
FD22,7727731,FSNTOA,2.56753,2.00154,2.86017,0.00836,-0.00567,8,8
FD22,7727731,T_l00,-1.22191,-1.40035,-0.708465,-0.10298,0.07523,8,8
FD22,7727731,T_l01,0.635558,0.523012,0.964562,0.05839,0.03939,8,8
FD22,7727731,T_l02,0.439229,0.2804,0.583134,0.04452,-0.02280,8,8
FD22,7727731,T_l03,0.500626,0.412019,0.623866,0.05612,-0.00447,8,8
FD22,7727731,T_l04,0.0750316,-0.0313172,0.138762,0.00857,-0.01503,7,8
FD22,7727731,T_l05,0.261492,0.105099,0.335852,0.02298,0.02215,8,8
FD22,7727731,T_l06,-0.880184,-0.976116,-0.810023,-0.07070,0.02331,8,8
FD22,7727731,T_l07,-1.33534,-1.51042,-1.21471,-0.14864,0.09387,8,8
FD22,7727731,T_l08,-1.37854,-1.56121,-1.12384,-0.20496,0.08489,8,8
FD22,7727731,T_l09,-0.915425,-1.00774,-0.619242,-0.10494,0.02297,8,8
FD22,7727731,T_l10,-0.0906415,-0.183047,0.120039,-0.00799,0.04546,5,8
FD22,7727731,T_l11,0.722204,0.58579,0.808061,0.05165,0.07644,8,8
FD22,7727731,T_l12,1.19185,1.07902,1.28582,0.07997,0.10850,8,8
FD22,7727731,T_l13,1.2071,1.10665,1.28363,0.07963,0.11065,8,8
FD22,7727731,T_l14,1.35637,1.24032,1.45887,0.08729,0.10454,8,8
FD22,7727731,T_l15,1.69513,1.58688,1.81533,0.10768,0.12836,8,8
FD22,7727731,T_l16,1.74422,1.65189,1.86137,0.10602,0.14854,8,8
FD22,7727731,T_l17,1.64839,1.57331,1.77418,0.07858,0.11042,8,8
FD22,7727731,U_l00,14.8327,11.2389,15.7836,0.58300,0.13385,8,8
FD22,7727731,U_l01,-1.52734,-3.9083,-0.792928,-0.06893,-0.00455,8,8
FD22,7727731,U_l02,-7.03124,-8.14245,-6.73415,-0.35561,0.01314,8,8
FD22,7727731,U_l03,-2.12025,-3.63223,-0.975764,-0.12186,-0.05255,8,8
FD22,7727731,U_l04,-3.64317,-4.82402,-1.22576,-0.26062,0.04747,8,8
FD22,7727731,U_l05,-2.6476,-3.12726,-1.98495,-0.20808,0.01167,8,8
FD22,7727731,U_l06,-2.25823,-2.51724,-1.86159,-0.17181,0.10671,8,8
FD22,7727731,U_l07,-3.4071,-3.64202,-2.53622,-0.21013,0.03283,8,8
FD22,7727731,U_l08,-3.30443,-3.54925,-2.63642,-0.18423,-0.02311,8,8
FD22,7727731,U_l09,-2.77445,-2.97681,-2.34213,-0.15464,-0.05456,8,8
FD22,7727731,U_l10,-2.43722,-2.63951,-2.15887,-0.14325,-0.04995,8,8
FD22,7727731,U_l11,-2.19918,-2.37819,-1.99849,-0.14998,-0.01808,8,8
FD22,7727731,U_l12,-1.20239,-1.3946,-1.08747,-0.09871,-0.02575,8,8
FD22,7727731,U_l13,-0.829246,-0.981826,-0.674265,-0.08017,0.04886,8,8
FD22,7727731,U_l14,-0.184677,-0.314392,-0.107437,-0.02000,0.05301,8,8
FD22,7727731,U_l15,0.181887,0.117727,0.266116,0.02118,0.00123,8,8
FD22,7727731,U_l16,0.43312,0.396388,0.527796,0.04994,-0.00875,8,8
FD22,7727731,U_l17,0.219137,0.196071,0.265334,0.03825,-0.03432,8,8
FD22,7727731,V_l00,-0.19951,-0.229128,-0.170123,-0.01914,0.06609,8,8
FD22,7727731,V_l01,0.0141012,-0.059796,0.0441364,0.00150,0.06891,5,8
FD22,7727731,V_l02,-0.072166,-0.140493,-0.0523545,-0.00862,0.09634,8,8
FD22,7727731,V_l03,0.0669939,0.0365845,0.0854766,0.00883,0.11640,8,8
FD22,7727731,V_l04,-0.0747829,-0.106865,-0.0384357,-0.01122,0.09043,8,8
FD22,7727731,V_l05,0.128502,0.103042,0.149045,0.01944,0.04576,8,8
FD22,7727731,V_l06,0.028539,-0.0054969,0.0542507,0.00374,-0.02825,7,8
FD22,7727731,V_l07,-0.274401,-0.356038,-0.203663,-0.02754,-0.11235,8,8
FD22,7727731,V_l08,-0.00298897,-0.123433,0.126573,-0.00025,-0.11821,5,8
FD22,7727731,V_l09,0.209319,0.15455,0.246375,0.01597,-0.10356,8,8
FD22,7727731,V_l10,0.231478,0.198203,0.253085,0.01796,-0.10052,8,8
FD22,7727731,V_l11,0.224648,0.147013,0.259092,0.02009,-0.09312,8,8
FD22,7727731,V_l12,0.235681,0.207171,0.254996,0.02589,-0.08166,8,8
FD22,7727731,V_l13,-0.170944,-0.185678,-0.134861,-0.02259,-0.03054,8,8
FD22,7727731,V_l14,-0.0536625,-0.0757593,-0.0225135,-0.00806,0.01513,8,8
FD22,7727731,V_l15,0.152847,0.124566,0.197608,0.02449,-0.05007,8,8
FD22,7727731,V_l16,0.128884,0.0817607,0.199565,0.01931,-0.05046,8,8
FD22,7727731,V_l17,0.0266928,-0.00265762,0.0821114,0.00569,-0.04454,6,8
FD22,7727731,Z3_l00,-31.4112,-38.9439,-15.8019,-0.02957,-0.05360,8,8
FD22,7727731,Z3_l01,-24.8482,-32.5863,-21.7406,-0.02898,-0.05886,8,8
FD22,7727731,Z3_l02,-35.9093,-40.6636,-32.0564,-0.05010,-0.04905,8,8
FD22,7727731,Z3_l03,-41.8778,-45.005,-37.0129,-0.06644,-0.03534,8,8
FD22,7727731,Z3_l04,-42.8804,-44.9316,-37.0939,-0.07993,-0.00356,8,8
FD22,7727731,Z3_l05,-48.2754,-50.6342,-41.8607,-0.09419,0.02824,8,8
FD22,7727731,Z3_l06,-46.0021,-49.1503,-39.7587,-0.08640,0.05041,8,8
FD22,7727731,Z3_l07,-31.9532,-34.9844,-27.147,-0.05495,0.02189,8,8
FD22,7727731,Z3_l08,-34.1563,-38.5285,-30.6846,-0.06009,0.04236,8,8
FD22,7727731,Z3_l09,-67.8796,-74.7997,-59.587,-0.13234,0.33873,8,8
FD22,7727731,Z3_l10,-91.0844,-98.7108,-79.196,-0.18855,0.58917,8,8
FD22,7727731,Z3_l11,-127.632,-136.233,-111.054,-0.27189,0.94488,8,8
FD22,7727731,Z3_l12,-163.802,-172.987,-143.239,-0.31945,1.14347,8,8
FD22,7727731,Z3_l13,-192.08,-201.844,-168.564,-0.32713,1.18081,8,8
FD22,7727731,Z3_l14,-213.744,-223.655,-188.042,-0.32608,1.17032,8,8
FD22,7727731,Z3_l15,-236.672,-246.883,-208.677,-0.32171,1.13686,8,8
FD22,7727731,Z3_l16,-247.642,-258.221,-218.584,-0.31902,1.12281,8,8
FD22,7727731,Z3_l17,-256.183,-266.998,-226.294,-0.31412,1.10418,8,8
FD22,7727731,RELHUM_l00,-2.73297e-05,-0.00080215,0.00167588,-0.00049,0.00211,4,8
FD22,7727731,RELHUM_l01,-0.0489374,-0.0687079,-0.0425748,-0.06070,-0.11824,8,8
FD22,7727731,RELHUM_l02,-0.0705586,-0.132105,-0.0507272,-0.02277,-0.02637,8,8
FD22,7727731,RELHUM_l03,-0.0212008,-0.07665,0.0313786,-0.00358,0.03148,4,8
FD22,7727731,RELHUM_l04,-0.176229,-0.277449,-0.108002,-0.02216,0.04791,8,8
FD22,7727731,RELHUM_l05,-1.90397,-2.2601,-1.50417,-0.12179,0.07125,8,8
FD22,7727731,RELHUM_l06,-0.105381,-0.368413,0.184799,-0.00347,0.03142,5,8
FD22,7727731,RELHUM_l07,1.1332,0.604041,1.4697,0.03417,0.02176,8,8
FD22,7727731,RELHUM_l08,1.2291,0.684569,2.24749,0.03417,-0.00185,8,8
FD22,7727731,RELHUM_l09,2.2761,1.59424,2.74978,0.06374,-0.04494,8,8
FD22,7727731,RELHUM_l10,0.0935417,-0.472439,0.434931,0.00271,-0.03182,5,8
FD22,7727731,RELHUM_l11,-1.22911,-1.37183,-0.921628,-0.03564,-0.03369,8,8
FD22,7727731,RELHUM_l12,-1.00563,-1.17814,-0.8674,-0.02938,-0.00418,8,8
FD22,7727731,RELHUM_l13,0.512905,0.261635,0.586452,0.01559,0.01229,8,8
FD22,7727731,RELHUM_l14,2.73592,2.42421,2.98442,0.08612,0.11627,8,8
FD22,7727731,RELHUM_l15,-1.95104,-2.15779,-1.69446,-0.07632,0.14651,8,8
FD22,7727731,RELHUM_l16,-0.98736,-1.12594,-0.80385,-0.04590,0.08768,8,8
FD22,7727731,RELHUM_l17,-0.618751,-0.7954,-0.471395,-0.03211,0.03735,8,8
FD22,7727731,PRECT,-5.09014e-09,-5.26732e-09,-4.77828e-09,-0.06128,-0.07418,8,8
FD24,7727731,PS,-7439.5,-7582.88,-7289.44,-0.79540,1.42073,8,8
FD24,7727731,TREFHT,-0.160632,-0.261379,-0.0725419,-0.00757,0.17684,8,8
FD24,7727731,U10,0.238605,0.213692,0.310384,0.06473,0.04969,8,8
FD24,7727731,RHREFHT,5.48403,5.27323,5.6457,0.30127,0.28843,8,8
FD24,7727731,PSL,354.519,348.414,362.649,0.23479,0.26657,8,8
FD24,7727731,TMQ,3.42009,3.31508,3.78976,0.19491,0.15873,8,8
FD24,7727731,FSNT,-21.3024,-21.7679,-20.7122,-0.06935,-0.07156,8,8
FD24,7727731,FSNTOA,-21.8093,-22.2847,-21.2385,-0.07098,-0.07111,8,8
FD24,7727731,T_l00,-7.90388,-8.10785,-7.2228,-0.66615,0.60544,8,8
FD24,7727731,T_l01,-4.50909,-4.68052,-4.13737,-0.41426,0.35756,8,8
FD24,7727731,T_l02,-3.424,-3.54192,-3.17495,-0.34706,0.26717,8,8
FD24,7727731,T_l03,-2.48095,-2.54971,-2.33361,-0.27812,0.21357,8,8
FD24,7727731,T_l04,-0.205264,-0.275349,-0.137062,-0.02344,0.08737,8,8
FD24,7727731,T_l05,1.08449,1.02453,1.19232,0.09529,-0.03207,8,8
FD24,7727731,T_l06,3.09439,3.00801,3.19723,0.24854,0.14616,8,8
FD24,7727731,T_l07,3.94295,3.84348,4.16752,0.43889,0.37164,8,8
FD24,7727731,T_l08,3.36566,3.29219,3.55272,0.50040,0.38969,8,8
FD24,7727731,T_l09,2.87312,2.78933,3.07749,0.32937,0.20927,8,8
FD24,7727731,T_l10,3.13157,2.99174,3.32974,0.27610,0.14820,8,8
FD24,7727731,T_l11,2.65513,2.53177,2.80809,0.18991,0.15358,8,8
FD24,7727731,T_l12,2.37726,2.28374,2.52223,0.15951,0.17578,8,8
FD24,7727731,T_l13,2.17109,2.06819,2.33031,0.14323,0.16610,8,8
FD24,7727731,T_l14,1.80013,1.70189,1.95268,0.11585,0.15657,8,8
FD24,7727731,T_l15,1.72111,1.6027,1.85252,0.10933,0.15702,8,8
FD24,7727731,T_l16,0.897393,0.799557,1.03453,0.05454,0.18281,8,8
FD24,7727731,T_l17,0.0350941,-0.0575958,0.131919,0.00167,0.16194,7,8
FD24,7727731,U_l00,-7.73376,-9.03097,-7.27767,-0.30397,0.18006,8,8
FD24,7727731,U_l01,-4.41492,-5.83091,-3.64492,-0.19925,0.33136,8,8
FD24,7727731,U_l02,-4.80448,-5.22161,-4.19838,-0.24299,0.03946,8,8
FD24,7727731,U_l03,-6.66304,-7.47278,-6.40003,-0.38296,0.30302,8,8
FD24,7727731,U_l04,1.39686,0.643892,1.6901,0.09993,0.04735,8,8
FD24,7727731,U_l05,3.58975,3.18655,4.03501,0.28213,0.26301,8,8
FD24,7727731,U_l06,4.88968,4.5899,5.43645,0.37200,0.30769,8,8
FD24,7727731,U_l07,3.95494,3.67601,4.46471,0.24392,0.25842,8,8
FD24,7727731,U_l08,1.7797,1.52805,2.21029,0.09922,0.13853,8,8
FD24,7727731,U_l09,0.42008,0.185106,0.728548,0.02341,0.11337,8,8
FD24,7727731,U_l10,0.0944287,-0.122572,0.361363,0.00555,0.09956,6,8
FD24,7727731,U_l11,0.612736,0.412244,0.75978,0.04179,0.11946,8,8
FD24,7727731,U_l12,0.931879,0.706565,0.996233,0.07650,0.17293,8,8
FD24,7727731,U_l13,1.766,1.49299,1.83076,0.17073,0.27115,8,8
FD24,7727731,U_l14,0.876158,0.656026,0.948159,0.09488,0.23758,8,8
FD24,7727731,U_l15,0.956257,0.822851,1.03236,0.11136,0.17821,8,8
FD24,7727731,U_l16,0.500632,0.405754,0.576048,0.05772,0.13545,8,8
FD24,7727731,U_l17,0.105495,0.0483092,0.154574,0.01842,0.08857,8,8
FD24,7727731,V_l00,-0.125181,-0.153013,-0.08914,-0.01201,0.09111,8,8
FD24,7727731,V_l01,-0.715806,-0.741591,-0.687761,-0.07597,0.03005,8,8
FD24,7727731,V_l02,-0.625963,-0.645245,-0.594718,-0.07476,0.07517,8,8
FD24,7727731,V_l03,-0.294117,-0.316645,-0.273718,-0.03875,0.08480,8,8
FD24,7727731,V_l04,-0.279404,-0.296589,-0.250342,-0.04190,0.14811,8,8
FD24,7727731,V_l05,-0.206449,-0.246063,-0.179796,-0.03123,0.22456,8,8
FD24,7727731,V_l06,0.319478,0.307183,0.375009,0.04192,0.24057,8,8
FD24,7727731,V_l07,-0.967879,-1.07472,-0.882489,-0.09714,0.20719,8,8
FD24,7727731,V_l08,-0.979103,-1.0362,-0.890072,-0.08138,0.17272,8,8
FD24,7727731,V_l09,-0.305872,-0.369245,-0.257373,-0.02334,0.11676,8,8
FD24,7727731,V_l10,-0.0831225,-0.108708,-0.0463394,-0.00645,0.07351,8,8
FD24,7727731,V_l11,-0.355245,-0.382538,-0.31757,-0.03177,0.06583,8,8
FD24,7727731,V_l12,-0.102499,-0.137183,-0.0740741,-0.01126,0.08068,8,8
FD24,7727731,V_l13,0.0284249,0.00501597,0.0388433,0.00376,0.13040,8,8
FD24,7727731,V_l14,0.013517,-0.0185313,0.0345235,0.00203,0.16665,7,8
FD24,7727731,V_l15,0.406976,0.370874,0.437622,0.06520,0.14228,8,8
FD24,7727731,V_l16,0.732296,0.705189,0.78326,0.10973,0.12902,8,8
FD24,7727731,V_l17,0.514213,0.498018,0.554005,0.10954,0.06961,8,8
FD24,7727731,Z3_l00,97.5398,85.8153,111.131,0.09181,0.02396,8,8
FD24,7727731,Z3_l01,249.072,240.191,258.746,0.29053,0.10879,8,8
FD24,7727731,Z3_l02,319.136,309.691,332.841,0.44526,0.26015,8,8
FD24,7727731,Z3_l03,349.947,341.609,366.858,0.55522,0.39514,8,8
FD24,7727731,Z3_l04,362.42,354.223,379.565,0.67559,0.55337,8,8
FD24,7727731,Z3_l05,364.317,356.112,380.417,0.71084,0.63489,8,8
FD24,7727731,Z3_l06,342.869,334.833,357.42,0.64397,0.57629,8,8
FD24,7727731,Z3_l07,301.04,293.543,313.228,0.51774,0.44527,8,8
FD24,7727731,Z3_l08,316.434,308.002,326.668,0.55667,0.51881,8,8
FD24,7727731,Z3_l09,425.327,413.907,435.651,0.82922,0.97465,8,8
FD24,7727731,Z3_l10,487.956,474.822,498.451,1.01010,1.29637,8,8
FD24,7727731,Z3_l11,572.96,558.577,584.291,1.22058,1.73878,8,8
FD24,7727731,Z3_l12,644.694,629.633,657.115,1.25731,1.93236,8,8
FD24,7727731,Z3_l13,694.472,678.836,707.62,1.18274,1.90694,8,8
FD24,7727731,Z3_l14,731.993,716.003,745.528,1.11669,1.84918,8,8
FD24,7727731,Z3_l15,762.708,746.283,776.484,1.03677,1.76248,8,8
FD24,7727731,Z3_l16,780.92,764.12,794.893,1.00601,1.72983,8,8
FD24,7727731,Z3_l17,799.059,781.812,813.113,0.97977,1.69659,8,8
FD24,7727731,RELHUM_l00,0.0251963,0.0232705,0.0274064,0.45213,0.65349,8,8
FD24,7727731,RELHUM_l01,0.0778905,0.0618071,0.0898742,0.09661,0.02958,8,8
FD24,7727731,RELHUM_l02,0.0261869,-0.0104016,0.05417,0.00845,0.00988,6,8
FD24,7727731,RELHUM_l03,-0.234678,-0.30466,-0.203095,-0.03957,0.05210,8,8
FD24,7727731,RELHUM_l04,2.41119,2.33062,2.45187,0.30322,0.62639,8,8
FD24,7727731,RELHUM_l05,11.4206,11.1193,11.9638,0.73055,0.94707,8,8
FD24,7727731,RELHUM_l06,-2.75636,-3.13669,-2.29673,-0.09084,0.11578,8,8
FD24,7727731,RELHUM_l07,-2.68574,-3.03476,-2.21326,-0.08098,0.12041,8,8
FD24,7727731,RELHUM_l08,4.8528,4.61861,5.01261,0.13490,0.05064,8,8
FD24,7727731,RELHUM_l09,2.41971,2.03054,2.69392,0.06776,0.07044,8,8
FD24,7727731,RELHUM_l10,0.85251,0.24492,1.00432,0.02470,0.00736,8,8
FD24,7727731,RELHUM_l11,-0.530406,-0.976439,-0.447592,-0.01538,0.04443,8,8
FD24,7727731,RELHUM_l12,-1.90104,-2.09173,-1.60472,-0.05554,0.06803,8,8
FD24,7727731,RELHUM_l13,-2.52042,-2.83018,-2.21609,-0.07663,0.10857,8,8
FD24,7727731,RELHUM_l14,1.3591,1.1612,1.46882,0.04278,0.15067,8,8
FD24,7727731,RELHUM_l15,-0.71474,-1.25706,-0.52821,-0.02796,0.28548,8,8
FD24,7727731,RELHUM_l16,3.48188,3.2248,3.5884,0.16185,0.25298,8,8
FD24,7727731,RELHUM_l17,6.40756,6.18372,6.59347,0.33251,0.31584,8,8
FD24,7727731,PRECT,7.11369e-09,6.66163e-09,7.46694e-09,0.08564,0.36962,8,8
FD22dryair,7731448,PS,29.7069,28.5225,33.2051,0.00318,0.73609,8,8
FD22dryair,7731448,TREFHT,3.34616,3.2411,3.65356,0.15770,0.11900,8,8
FD22dryair,7731448,U10,-0.227138,-0.268794,-0.215187,-0.06162,-0.03335,8,8
FD22dryair,7731448,RHREFHT,-1.2386,-1.47064,-1.19265,-0.06804,-0.00087,8,8
FD22dryair,7731448,PSL,-359.576,-382.205,-337.905,-0.23813,0.12204,8,8
FD22dryair,7731448,TMQ,3.02878,2.90802,3.38639,0.17261,0.08458,8,8
FD22dryair,7731448,FSNT,-0.445666,-0.529042,-0.0828695,-0.00145,-0.01214,8,8
FD22dryair,7731448,FSNTOA,-0.574229,-0.667689,-0.219671,-0.00187,-0.01198,8,8
FD22dryair,7731448,T_l00,0.628811,0.296534,1.11949,0.05300,-0.00469,8,8
FD22dryair,7731448,T_l01,1.58755,1.25335,1.86567,0.14585,0.01613,8,8
FD22dryair,7731448,T_l02,1.02929,0.888286,1.19477,0.10433,-0.01687,8,8
FD22dryair,7731448,T_l03,0.910713,0.745389,0.946464,0.10209,0.00793,8,8
FD22dryair,7731448,T_l04,1.23559,1.15201,1.3229,0.14111,0.03108,8,8
FD22dryair,7731448,T_l05,1.38455,1.27986,1.53294,0.12166,0.09526,8,8
FD22dryair,7731448,T_l06,0.257501,0.191442,0.30677,0.02068,0.01926,8,8
FD22dryair,7731448,T_l07,-0.222161,-0.262298,-0.162334,-0.02473,0.00577,8,8
FD22dryair,7731448,T_l08,0.0282825,-0.0811702,0.0807142,0.00420,0.01412,5,8
FD22dryair,7731448,T_l09,1.2845,1.12575,1.41457,0.14726,0.06193,8,8
FD22dryair,7731448,T_l10,2.30251,2.15103,2.52236,0.20300,0.14192,8,8
FD22dryair,7731448,T_l11,3.23578,3.08839,3.55031,0.23144,0.15930,8,8
FD22dryair,7731448,T_l12,3.56501,3.42943,3.90543,0.23920,0.17701,8,8
FD22dryair,7731448,T_l13,3.60979,3.4749,3.95648,0.23814,0.17348,8,8
FD22dryair,7731448,T_l14,3.88981,3.70393,4.24588,0.25033,0.18016,8,8
FD22dryair,7731448,T_l15,4.01584,3.80683,4.37758,0.25509,0.18401,8,8
FD22dryair,7731448,T_l16,4.0405,3.8779,4.4117,0.24559,0.18718,8,8
FD22dryair,7731448,T_l17,3.09179,2.99173,3.38853,0.14738,0.11215,8,8
FD22dryair,7731448,U_l00,7.08574,3.47138,7.94534,0.27850,-0.08964,8,8
FD22dryair,7731448,U_l01,-2.38997,-5.23376,-0.554153,-0.10786,-0.00146,8,8
FD22dryair,7731448,U_l02,-13.1872,-14.1514,-12.173,-0.66696,0.26654,8,8
FD22dryair,7731448,U_l03,-7.96035,-8.49332,-6.30537,-0.45753,-0.04797,8,8
FD22dryair,7731448,U_l04,-2.53971,-3.1952,-2.26659,-0.18168,-0.02494,8,8
FD22dryair,7731448,U_l05,-2.12672,-2.67769,-1.6017,-0.16714,0.01317,8,8
FD22dryair,7731448,U_l06,-2.73998,-3.4555,-1.95277,-0.20846,0.07669,8,8
FD22dryair,7731448,U_l07,-3.86153,-4.55484,-2.96692,-0.23816,0.05289,8,8
FD22dryair,7731448,U_l08,-4.71255,-5.44337,-4.01146,-0.26273,0.03431,8,8
FD22dryair,7731448,U_l09,-4.73042,-5.34332,-4.16471,-0.26366,0.00676,8,8
FD22dryair,7731448,U_l10,-4.56605,-5.13538,-4.108,-0.26838,0.01165,8,8
FD22dryair,7731448,U_l11,-4.06924,-4.52752,-3.72597,-0.27752,0.04778,8,8
FD22dryair,7731448,U_l12,-2.52651,-2.83609,-2.26068,-0.20741,0.01257,8,8
FD22dryair,7731448,U_l13,-1.45172,-1.68277,-1.22769,-0.14035,0.06006,8,8
FD22dryair,7731448,U_l14,-0.554139,-0.689715,-0.42029,-0.06001,0.05402,8,8
FD22dryair,7731448,U_l15,0.270508,0.18309,0.326681,0.03150,-0.02334,8,8
FD22dryair,7731448,U_l16,0.465715,0.369569,0.524311,0.05370,-0.02401,8,8
FD22dryair,7731448,U_l17,0.0786996,0.0315334,0.102777,0.01374,-0.06298,8,8
FD22dryair,7731448,V_l00,-0.166377,-0.202608,-0.148212,-0.01596,0.11772,8,8
FD22dryair,7731448,V_l01,0.0811457,0.0542376,0.143019,0.00861,0.10209,8,8
FD22dryair,7731448,V_l02,-0.205982,-0.23406,-0.165275,-0.02460,0.07721,8,8
FD22dryair,7731448,V_l03,0.00345434,-0.0295436,0.0146028,0.00046,0.09011,5,8
FD22dryair,7731448,V_l04,-0.234291,-0.24605,-0.222386,-0.03514,0.07481,8,8
FD22dryair,7731448,V_l05,0.00462839,-0.0269366,0.0368807,0.00070,0.04064,5,8
FD22dryair,7731448,V_l06,0.0877877,0.0568772,0.129321,0.01152,-0.02891,8,8
FD22dryair,7731448,V_l07,-0.0619208,-0.100171,0.0154477,-0.00621,-0.10206,7,8
FD22dryair,7731448,V_l08,0.0578622,0.0377448,0.117655,0.00481,-0.11123,8,8
FD22dryair,7731448,V_l09,0.13913,0.0972075,0.171458,0.01062,-0.10363,8,8
FD22dryair,7731448,V_l10,0.0549427,0.0169494,0.0744945,0.00426,-0.11260,8,8
FD22dryair,7731448,V_l11,-0.00798149,-0.0602511,0.0291707,-0.00071,-0.10715,5,8
FD22dryair,7731448,V_l12,-0.00599923,-0.0190666,0.0313923,-0.00066,-0.09187,5,8
FD22dryair,7731448,V_l13,-0.240181,-0.278218,-0.227582,-0.03174,-0.03788,8,8
FD22dryair,7731448,V_l14,-0.0668577,-0.0865155,-0.0448616,-0.01004,-0.01321,8,8
FD22dryair,7731448,V_l15,0.199988,0.167539,0.230172,0.03204,-0.07578,8,8
FD22dryair,7731448,V_l16,0.295747,0.261344,0.340141,0.04432,-0.07312,8,8
FD22dryair,7731448,V_l17,0.371001,0.35481,0.413049,0.07903,-0.06313,8,8
FD22dryair,7731448,Z3_l00,165.338,146.17,185.962,0.15562,-0.01141,8,8
FD22dryair,7731448,Z3_l01,136.49,126.644,147.59,0.15921,-0.00111,8,8
FD22dryair,7731448,Z3_l02,111.194,105.061,122.35,0.15514,0.01437,8,8
FD22dryair,7731448,Z3_l03,100.621,96.2447,112.519,0.15964,0.03476,8,8
FD22dryair,7731448,Z3_l04,88.9481,85.5786,100.376,0.16581,0.06221,8,8
FD22dryair,7731448,Z3_l05,69.3805,66.1593,79.4213,0.13537,0.05840,8,8
FD22dryair,7731448,Z3_l06,61.502,57.7755,70.2023,0.11551,0.05792,8,8
FD22dryair,7731448,Z3_l07,59.0133,55.1657,67.3276,0.10149,0.05027,8,8
FD22dryair,7731448,Z3_l08,59.2442,56.1364,67.445,0.10422,0.05256,8,8
FD22dryair,7731448,Z3_l09,30.3804,28.7667,36.6414,0.05923,0.22078,8,8
FD22dryair,7731448,Z3_l10,-1.01808,-2.56171,2.42121,-0.00211,0.39944,5,8
FD22dryair,7731448,Z3_l11,-60.2871,-64.0592,-58.0458,-0.12843,0.68732,8,8
FD22dryair,7731448,Z3_l12,-126.014,-135.527,-121.777,-0.24576,0.87466,8,8
FD22dryair,7731448,Z3_l13,-181.782,-195.654,-175.231,-0.30959,0.92937,8,8
FD22dryair,7731448,Z3_l14,-227.039,-244.152,-218.444,-0.34636,0.93780,8,8
FD22dryair,7731448,Z3_l15,-281.539,-302.746,-270.716,-0.38270,0.92950,8,8
FD22dryair,7731448,Z3_l16,-306.765,-329.939,-294.865,-0.39519,0.92434,8,8
FD22dryair,7731448,Z3_l17,-326.591,-351.364,-313.926,-0.40045,0.91384,8,8
FD22dryair,7731448,RELHUM_l00,-0.00453429,-0.00520697,-0.00274327,-0.08136,-0.12666,8,8
FD22dryair,7731448,RELHUM_l01,-0.083225,-0.108478,-0.0682092,-0.10323,-0.18893,8,8
FD22dryair,7731448,RELHUM_l02,-0.14475,-0.240152,-0.0870681,-0.04671,-0.04606,8,8
FD22dryair,7731448,RELHUM_l03,-0.0268787,-0.168665,0.0356235,-0.00453,0.07400,6,8
FD22dryair,7731448,RELHUM_l04,-0.258925,-0.363673,-0.158285,-0.03256,0.13532,8,8
FD22dryair,7731448,RELHUM_l05,-1.69283,-2.10328,-1.0351,-0.10829,0.14300,8,8
FD22dryair,7731448,RELHUM_l06,-0.238239,-0.594013,0.0507275,-0.00785,0.06605,6,8
FD22dryair,7731448,RELHUM_l07,1.85609,1.63904,2.15295,0.05596,0.05584,8,8
FD22dryair,7731448,RELHUM_l08,3.63532,3.33447,3.92775,0.10105,-0.01134,8,8
FD22dryair,7731448,RELHUM_l09,1.36444,1.26417,1.67175,0.03821,-0.07239,8,8
FD22dryair,7731448,RELHUM_l10,-2.47516,-2.61015,-2.29174,-0.07171,-0.05010,8,8
FD22dryair,7731448,RELHUM_l11,-4.60643,-4.91952,-4.37237,-0.13358,-0.02934,8,8
FD22dryair,7731448,RELHUM_l12,-5.11692,-5.34774,-4.95879,-0.14948,-0.02352,8,8
FD22dryair,7731448,RELHUM_l13,-4.17079,-4.56806,-4.01947,-0.12681,0.01658,8,8
FD22dryair,7731448,RELHUM_l14,-1.22553,-1.60038,-1.03218,-0.03858,0.14688,8,8
FD22dryair,7731448,RELHUM_l15,-2.62193,-2.77356,-2.06459,-0.10257,0.14263,8,8
FD22dryair,7731448,RELHUM_l16,-1.80668,-2.08732,-1.54473,-0.08398,0.04938,8,8
FD22dryair,7731448,RELHUM_l17,-0.959186,-1.19026,-0.914582,-0.04977,-0.00123,8,8
FD22dryair,7731448,PRECT,-5.10545e-09,-5.39097e-09,-4.68576e-09,-0.06146,-0.03683,8,8
FD24dryair,7731448,PS,-32.1275,-33.63,-30.7675,-0.00343,0.92576,8,8
FD24dryair,7731448,TREFHT,-4.18001,-4.36872,-4.04533,-0.19699,0.20144,8,8
FD24dryair,7731448,U10,0.356986,0.306764,0.451603,0.09684,0.10286,8,8
FD24dryair,7731448,RHREFHT,6.5343,6.38473,6.84944,0.35896,0.28136,8,8
FD24dryair,7731448,PSL,850.396,833.872,871.163,0.56319,0.47642,8,8
FD24dryair,7731448,TMQ,-3.27366,-3.42748,-3.1388,-0.18657,0.15297,8,8
FD24dryair,7731448,FSNT,-8.13449,-8.44762,-7.7749,-0.02648,-0.03193,8,8
FD24dryair,7731448,FSNTOA,-8.42667,-8.73662,-8.0873,-0.02743,-0.03189,8,8
FD24dryair,7731448,T_l00,-1.74944,-2.14222,-1.66791,-0.14744,0.42197,8,8
FD24dryair,7731448,T_l01,-1.32544,-1.54917,-1.11686,-0.12177,0.18646,8,8
FD24dryair,7731448,T_l02,-0.456688,-0.708812,-0.233172,-0.04629,0.16324,8,8
FD24dryair,7731448,T_l03,-0.948389,-1.15263,-0.754563,-0.10632,0.13607,8,8
FD24dryair,7731448,T_l04,-1.3557,-1.43031,-1.30074,-0.15483,0.14231,8,8
FD24dryair,7731448,T_l05,-1.33616,-1.47462,-1.06043,-0.11741,0.06948,8,8
FD24dryair,7731448,T_l06,0.245145,0.109387,0.342373,0.01969,0.07376,8,8
FD24dryair,7731448,T_l07,1.22804,1.15711,1.39051,0.13669,0.09867,8,8
FD24dryair,7731448,T_l08,1.15897,1.04396,1.28118,0.17231,0.18076,8,8
FD24dryair,7731448,T_l09,-0.711218,-0.741108,-0.56122,-0.08153,0.19069,8,8
FD24dryair,7731448,T_l10,-2.25942,-2.37824,-2.1359,-0.19920,0.18476,8,8
FD24dryair,7731448,T_l11,-3.22252,-3.38235,-3.13532,-0.23049,0.21759,8,8
FD24dryair,7731448,T_l12,-2.98046,-3.1445,-2.89735,-0.19998,0.20050,8,8
FD24dryair,7731448,T_l13,-3.44282,-3.61156,-3.35028,-0.22712,0.22350,8,8
FD24dryair,7731448,T_l14,-4.22631,-4.39663,-4.10523,-0.27198,0.25223,8,8
FD24dryair,7731448,T_l15,-3.98244,-4.14417,-3.83453,-0.25297,0.23034,8,8
FD24dryair,7731448,T_l16,-4.81883,-4.98651,-4.66001,-0.29290,0.27417,8,8
FD24dryair,7731448,T_l17,-3.69867,-3.88681,-3.5809,-0.17631,0.17886,8,8
FD24dryair,7731448,U_l00,-1.85692,-2.11309,-0.328069,-0.07299,0.04153,8,8
FD24dryair,7731448,U_l01,11.4402,10.43,11.9184,0.51631,0.46496,8,8
FD24dryair,7731448,U_l02,10.4235,9.36566,10.8054,0.52718,0.28258,8,8
FD24dryair,7731448,U_l03,2.28273,1.27559,2.85212,0.13120,0.22179,8,8
FD24dryair,7731448,U_l04,4.23618,3.47614,4.77855,0.30304,0.12075,8,8
FD24dryair,7731448,U_l05,4.25354,3.90159,4.61477,0.33429,0.25533,8,8
FD24dryair,7731448,U_l06,4.72379,4.43278,5.00459,0.35938,0.27978,8,8
FD24dryair,7731448,U_l07,5.31351,5.09123,5.44386,0.32771,0.27795,8,8
FD24dryair,7731448,U_l08,4.46108,4.26457,4.55217,0.24871,0.18215,8,8
FD24dryair,7731448,U_l09,3.95401,3.80333,4.07055,0.22039,0.16032,8,8
FD24dryair,7731448,U_l10,3.77717,3.60572,3.89679,0.22201,0.15602,8,8
FD24dryair,7731448,U_l11,3.74339,3.53105,3.83612,0.25530,0.18677,8,8
FD24dryair,7731448,U_l12,2.75025,2.58509,2.79749,0.22578,0.21891,8,8
FD24dryair,7731448,U_l13,2.39012,2.22779,2.45504,0.23107,0.30085,8,8
FD24dryair,7731448,U_l14,1.08556,0.943592,1.14554,0.11756,0.26896,8,8
FD24dryair,7731448,U_l15,-0.0355475,-0.0826693,0.0427697,-0.00414,0.21132,5,8
FD24dryair,7731448,U_l16,-0.0301366,-0.100971,0.0452941,-0.00347,0.16858,5,8
FD24dryair,7731448,U_l17,0.0942634,0.0625783,0.141911,0.01645,0.13278,8,8
FD24dryair,7731448,V_l00,-0.146749,-0.169473,-0.113899,-0.01408,0.14963,8,8
FD24dryair,7731448,V_l01,-0.469701,-0.524825,-0.450764,-0.04985,0.13706,8,8
FD24dryair,7731448,V_l02,-0.581929,-0.62509,-0.535876,-0.06950,0.11543,8,8
FD24dryair,7731448,V_l03,0.00813199,-0.023378,0.0191131,0.00107,0.08784,6,8
FD24dryair,7731448,V_l04,0.0152855,-0.00253423,0.0372905,0.00229,0.14605,6,8
FD24dryair,7731448,V_l05,-0.0440547,-0.111636,0.012287,-0.00666,0.25575,7,8
FD24dryair,7731448,V_l06,-0.0823081,-0.141059,-0.00622021,-0.01080,0.26153,8,8
FD24dryair,7731448,V_l07,-0.694175,-0.773455,-0.625908,-0.06967,0.14598,8,8
FD24dryair,7731448,V_l08,-0.450828,-0.490727,-0.356244,-0.03747,0.08075,8,8
FD24dryair,7731448,V_l09,-0.341547,-0.422824,-0.295678,-0.02606,0.05946,8,8
FD24dryair,7731448,V_l10,0.0414074,0.0142574,0.0679773,0.00321,0.05533,8,8
FD24dryair,7731448,V_l11,-0.125362,-0.169005,-0.0914796,-0.01121,0.07129,8,8
FD24dryair,7731448,V_l12,0.202216,0.185781,0.224359,0.02221,0.09394,8,8
FD24dryair,7731448,V_l13,0.158252,0.149818,0.185716,0.02091,0.13242,8,8
FD24dryair,7731448,V_l14,0.0336524,0.00879098,0.0805093,0.00505,0.17572,8,8
FD24dryair,7731448,V_l15,0.0346264,-0.00163678,0.0590156,0.00555,0.18890,7,8
FD24dryair,7731448,V_l16,0.14185,0.0828983,0.177094,0.02126,0.16347,8,8
FD24dryair,7731448,V_l17,-0.382335,-0.425225,-0.356594,-0.08145,0.13289,8,8
FD24dryair,7731448,Z3_l00,-54.1352,-61.5815,-45.9974,-0.05095,0.03129,8,8
FD24dryair,7731448,Z3_l01,-6.57113,-14.3886,-3.31369,-0.00767,0.00816,8,8
FD24dryair,7731448,Z3_l02,9.66651,2.63471,14.1511,0.01349,0.00299,8,8
FD24dryair,7731448,Z3_l03,16.8805,9.55355,23.9101,0.02678,0.01713,8,8
FD24dryair,7731448,Z3_l04,24.0392,17.0939,33.3417,0.04481,0.02916,8,8
FD24dryair,7731448,Z3_l05,52.132,46.3829,61.4568,0.10172,0.07422,8,8
FD24dryair,7731448,Z3_l06,57.0895,52.632,65.7516,0.10722,0.07506,8,8
FD24dryair,7731448,Z3_l07,52.4895,49.6042,60.4078,0.09027,0.05728,8,8
FD24dryair,7731448,Z3_l08,41.9906,39.6386,49.0781,0.07387,0.10753,8,8
FD24dryair,7731448,Z3_l09,90.6069,88.6619,97.6082,0.17665,0.43526,8,8
FD24dryair,7731448,Z3_l10,147.695,144.126,154.463,0.30574,0.69714,8,8
FD24dryair,7731448,Z3_l11,253.843,247.496,260.006,0.54076,1.09224,8,8
FD24dryair,7731448,Z3_l12,367.688,358.865,374.096,0.71708,1.33098,8,8
FD24dryair,7731448,Z3_l13,459.422,448.472,466.273,0.78243,1.38265,8,8
FD24dryair,7731448,Z3_l14,537.897,525.148,545.121,0.82059,1.39312,8,8
FD24dryair,7731448,Z3_l15,626.8,612.154,634.799,0.85202,1.37910,8,8
FD24dryair,7731448,Z3_l16,671.154,655.587,680.08,0.86461,1.37385,8,8
FD24dryair,7731448,Z3_l17,707.916,691.692,717.436,0.86801,1.36222,8,8
FD24dryair,7731448,RELHUM_l00,0.00735806,0.00667254,0.00781761,0.13203,0.18425,8,8
FD24dryair,7731448,RELHUM_l01,0.0301853,0.0252707,0.0354787,0.03744,0.02377,8,8
FD24dryair,7731448,RELHUM_l02,0.00879561,-0.00727569,0.030554,0.00284,0.02131,7,8
FD24dryair,7731448,RELHUM_l03,-0.185562,-0.221991,-0.166046,-0.03129,0.03252,8,8
FD24dryair,7731448,RELHUM_l04,0.935534,0.76856,1.02383,0.11765,0.30270,8,8
FD24dryair,7731448,RELHUM_l05,5.28438,3.62627,5.93408,0.33803,0.49620,8,8
FD24dryair,7731448,RELHUM_l06,-2.62275,-3.04896,-2.14555,-0.08643,0.09808,8,8
FD24dryair,7731448,RELHUM_l07,-3.22421,-3.96199,-2.7735,-0.09721,0.06858,8,8
FD24dryair,7731448,RELHUM_l08,-1.79827,-2.27564,-1.27288,-0.04999,0.03240,8,8
FD24dryair,7731448,RELHUM_l09,-1.95619,-2.14945,-1.49095,-0.05478,0.05707,8,8
FD24dryair,7731448,RELHUM_l10,3.93928,3.69055,4.14421,0.11412,0.07778,8,8
FD24dryair,7731448,RELHUM_l11,6.30954,5.96607,6.7457,0.18297,0.08740,8,8
FD24dryair,7731448,RELHUM_l12,5.5801,5.14918,5.96826,0.16302,0.14569,8,8
FD24dryair,7731448,RELHUM_l13,5.36331,5.13857,5.78067,0.16306,0.15041,8,8
FD24dryair,7731448,RELHUM_l14,6.70992,6.49632,7.07116,0.21122,0.14829,8,8
FD24dryair,7731448,RELHUM_l15,0.649619,0.400967,0.975558,0.02541,0.35895,8,8
FD24dryair,7731448,RELHUM_l16,3.6355,3.32443,4.0201,0.16899,0.35011,8,8
FD24dryair,7731448,RELHUM_l17,6.46966,6.33155,6.78495,0.33573,0.27155,8,8
FD24dryair,7731448,PRECT,2.57605e-09,2.44086e-09,2.97103e-09,0.03101,0.27015,8,8
