rank,label,ckpt_epoch,epoch_check,survived,truncated_at_step,truncated_channel,steps_run,median_cross_3sigma,n_past_3sigma,ps_drift_hpa@600,ps_drift_hpa@1460,t17_drift_k@1460,z10_drift_m@1460,trefht_drift_k@1460,ps_drift_hpa@last,first_past_3sigma,run_dir,ckpt,nc
1,B_e22,22,ok,1,-1,,1460,-1,0,0.5977234811079688,0.6676731772143103,-0.44092604690092685,-3.919173233793117,-0.33488605244627934,0.6676731772143103,,/eagle/projects/lighthouse-uchicago/members/mehta5/runs/makani_mn_scaling/e3sm_mn_scaling/nf4_prod_b16_r1,/eagle/projects/lighthouse-uchicago/members/mehta5/runs/makani_mn_scaling/e3sm_mn_scaling/nf4_prod_b16_r1/training_checkpoints/ckpt_mp0_v1.tar,/eagle/projects/lighthouse-uchicago/members/mehta5/runs/makani_eval/climate_screen_7649647/screen_B_e22.nc
2,B_e24,24,ok,1,-1,,1460,-1,0,-2.7278020353408645,4.642162222707993,1.7931002874324236,53.22209199927056,1.6758946194939313,4.642162222707993,,/eagle/projects/lighthouse-uchicago/members/mehta5/runs/makani_mn_scaling/e3sm_mn_scaling/nf4_prod_b16_r1,/eagle/projects/lighthouse-uchicago/members/mehta5/runs/makani_mn_scaling/e3sm_mn_scaling/nf4_prod_b16_r1/training_checkpoints/ckpt_mp0_v3.tar,/eagle/projects/lighthouse-uchicago/members/mehta5/runs/makani_eval/climate_screen_7649647/screen_B_e24.nc
3,B_e21,21,ok,1,-1,,1460,-1,0,-27.220307822478937,-57.95930811728336,-1.3796357737111293,254.1299439837203,-1.3834260776790188,-57.95930811728336,,/eagle/projects/lighthouse-uchicago/members/mehta5/runs/makani_mn_scaling/e3sm_mn_scaling/nf4_prod_b16_r1,/eagle/projects/lighthouse-uchicago/members/mehta5/runs/makani_mn_scaling/e3sm_mn_scaling/nf4_prod_b16_r1/training_checkpoints/ckpt_mp0_v0.tar,/eagle/projects/lighthouse-uchicago/members/mehta5/runs/makani_eval/climate_screen_7649647/screen_B_e21.nc
4,nf4p_r1_e01,1,ok,1,-1,,1460,-1,0,-26.180641098115156,-62.921820797503756,-2.9413142424989474,268.04519531401456,-3.060438018831121,-62.921820797503756,,/eagle/projects/lighthouse-uchicago/members/mehta5/runs/makani_mn_scaling/e3sm_mn_scaling/nf4_proxy_b8_r1,/eagle/projects/lighthouse-uchicago/members/mehta5/runs/makani_mn_scaling/e3sm_mn_scaling/nf4_proxy_b8_r1/training_checkpoints/best_ckpt_mp0.tar,/eagle/projects/lighthouse-uchicago/members/mehta5/runs/makani_eval/climate_screen_7649647/screen_nf4p_r1_e01.nc
5,C1_e14,14,ok,1,-1,,1460,-1,1,-6.087689461827977,-5.057612177896517,0.18604890721377387,6.101085031175899,0.3118249033805114,-5.057612177896517,V_l00@425,/eagle/projects/lighthouse-uchicago/members/mehta5/runs/makani_mn_scaling/e3sm_mn_scaling/c1_rollout_full_b16,/eagle/projects/lighthouse-uchicago/members/mehta5/runs/makani_mn_scaling/e3sm_mn_scaling/c1_rollout_full_b16/training_checkpoints/ckpt_mp0_v13.tar,/eagle/projects/lighthouse-uchicago/members/mehta5/runs/makani_eval/climate_screen_7649647/screen_C1_e14.nc
6,C1_e23,23,ok,1,-1,,1460,-1,1,-4.813767642565363,-13.609229854169826,-0.32680897834501366,64.69649911366287,-0.3634278937631734,-13.609229854169826,V_l00@716,/eagle/projects/lighthouse-uchicago/members/mehta5/runs/makani_mn_scaling/e3sm_mn_scaling/c1_rollout_full_b16,/eagle/projects/lighthouse-uchicago/members/mehta5/runs/makani_mn_scaling/e3sm_mn_scaling/c1_rollout_full_b16/training_checkpoints/ckpt_mp0_v22.tar,/eagle/projects/lighthouse-uchicago/members/mehta5/runs/makani_eval/climate_screen_7649647/screen_C1_e23.nc
7,C1_e24,24,ok,1,-1,,1460,-1,1,-17.02724141250481,-26.491721961685837,-0.36326102211091893,111.74714487845995,-0.2474709202936083,-26.491721961685837,V_l00@465,/eagle/projects/lighthouse-uchicago/members/mehta5/runs/makani_mn_scaling/e3sm_mn_scaling/c1_rollout_full_b16,/eagle/projects/lighthouse-uchicago/members/mehta5/runs/makani_mn_scaling/e3sm_mn_scaling/c1_rollout_full_b16/training_checkpoints/ckpt_mp0_v23.tar,/eagle/projects/lighthouse-uchicago/members/mehta5/runs/makani_eval/climate_screen_7649647/screen_C1_e24.nc
8,B_e01,1,ok,1,-1,,1460,-1,1,-13.343592453524034,-30.976363050082437,-0.8281927373336089,125.14785846310406,-0.8543119131369963,-30.976363050082437,V_l00@1458,/eagle/projects/lighthouse-uchicago/members/mehta5/runs/makani_mn_scaling/e3sm_mn_scaling/nf4_prod_b16_r1,/eagle/projects/lighthouse-uchicago/members/mehta5/runs/makani_mn_scaling/e3sm_mn_scaling/nf4_prod_b16_r1/training_checkpoints/best_ckpt_mp0.tar,/eagle/projects/lighthouse-uchicago/members/mehta5/runs/makani_eval/climate_screen_7649647/screen_B_e01.nc
9,C1_e19,19,ok,1,-1,,1460,-1,1,-19.485288501715697,-46.28647997565189,-0.26088664106430315,242.06903107163998,-0.39658511224081394,-46.28647997565189,V_l00@301,/eagle/projects/lighthouse-uchicago/members/mehta5/runs/makani_mn_scaling/e3sm_mn_scaling/c1_rollout_full_b16,/eagle/projects/lighthouse-uchicago/members/mehta5/runs/makani_mn_scaling/e3sm_mn_scaling/c1_rollout_full_b16/training_checkpoints/ckpt_mp0_v18.tar,/eagle/projects/lighthouse-uchicago/members/mehta5/runs/makani_eval/climate_screen_7649647/screen_C1_e19.nc
10,C1_e18,18,ok,1,-1,,1460,-1,1,-30.422050869961385,-51.102559757326674,-0.9051785321066177,223.70658073506638,-0.7695256777475379,-51.102559757326674,V_l00@243,/eagle/projects/lighthouse-uchicago/members/mehta5/runs/makani_mn_scaling/e3sm_mn_scaling/c1_rollout_full_b16,/eagle/projects/lighthouse-uchicago/members/mehta5/runs/makani_mn_scaling/e3sm_mn_scaling/c1_rollout_full_b16/training_checkpoints/ckpt_mp0_v17.tar,/eagle/projects/lighthouse-uchicago/members/mehta5/runs/makani_eval/climate_screen_7649647/screen_C1_e18.nc
11,C1_e20,20,ok,1,-1,,1460,-1,1,-29.125900314426545,-57.562116327338735,-1.9817803424267026,220.29730096275307,-1.8792146192709538,-57.562116327338735,V_l00@430,/eagle/projects/lighthouse-uchicago/members/mehta5/runs/makani_mn_scaling/e3sm_mn_scaling/c1_rollout_full_b16,/eagle/projects/lighthouse-uchicago/members/mehta5/runs/makani_mn_scaling/e3sm_mn_scaling/c1_rollout_full_b16/training_checkpoints/ckpt_mp0_v19.tar,/eagle/projects/lighthouse-uchicago/members/mehta5/runs/makani_eval/climate_screen_7649647/screen_C1_e20.nc
12,B_e23,23,ok,1,-1,,1460,-1,1,-34.903915993350964,-68.0920168797375,-0.6126886980521249,323.23830233259287,-0.6444058339036474,-68.0920168797375,SOILWATER_10CM@733,/eagle/projects/lighthouse-uchicago/members/mehta5/runs/makani_mn_scaling/e3sm_mn_scaling/nf4_prod_b16_r1,/eagle/projects/lighthouse-uchicago/members/mehta5/runs/makani_mn_scaling/e3sm_mn_scaling/nf4_prod_b16_r1/training_checkpoints/ckpt_mp0_v2.tar,/eagle/projects/lighthouse-uchicago/members/mehta5/runs/makani_eval/climate_screen_7649647/screen_B_e23.nc
13,C1_e12,12,ok,1,-1,,1460,-1,3,-8.244003313349676,-25.329552126378985,-0.9834864448608869,106.76709278542876,-0.9327108890980753,-25.329552126378985,V_l00@640 RELHUM_l04@1110 RELHUM_l00@1243,/eagle/projects/lighthouse-uchicago/members/mehta5/runs/makani_mn_scaling/e3sm_mn_scaling/c1_rollout_full_b16,/eagle/projects/lighthouse-uchicago/members/mehta5/runs/makani_mn_scaling/e3sm_mn_scaling/c1_rollout_full_b16/training_checkpoints/ckpt_mp0_v11.tar,/eagle/projects/lighthouse-uchicago/members/mehta5/runs/makani_eval/climate_screen_7649647/screen_C1_e12.nc
14,C1_e09,9,ok,1,-1,,1460,-1,3,-21.80582384516194,-38.13540192970701,-1.2611613637588448,152.37559547339515,-1.1985354781057254,-38.13540192970701,V_l01@673 V_l00@698 RELHUM_l00@738,/eagle/projects/lighthouse-uchicago/members/mehta5/runs/makani_mn_scaling/e3sm_mn_scaling/c1_rollout_full_b16,/eagle/projects/lighthouse-uchicago/members/mehta5/runs/makani_mn_scaling/e3sm_mn_scaling/c1_rollout_full_b16/training_checkpoints/ckpt_mp0_v8.tar,/eagle/projects/lighthouse-uchicago/members/mehta5/runs/makani_eval/climate_screen_7649647/screen_C1_e09.nc
15,C1_e13,13,ok,1,-1,,1460,-1,3,-49.55491099893872,-81.26832787689084,-0.8777089001715694,395.8929190427825,-0.8954978802865412,-81.26832787689084,V_l00@670 RELHUM_l04@1158 RELHUM_l00@1191,/eagle/projects/lighthouse-uchicago/members/mehta5/runs/makani_mn_scaling/e3sm_mn_scaling/c1_rollout_full_b16,/eagle/projects/lighthouse-uchicago/members/mehta5/runs/makani_mn_scaling/e3sm_mn_scaling/c1_rollout_full_b16/training_checkpoints/ckpt_mp0_v12.tar,/eagle/projects/lighthouse-uchicago/members/mehta5/runs/makani_eval/climate_screen_7649647/screen_C1_e13.nc
16,nf4p_r2_e01,1,ok,1,-1,,1460,-1,6,-49.20472964248067,-148.47470585518516,-9.328158455823882,644.4436938090912,-8.643725232742327,-148.47470585518516,V_l00@867 Z3_l13@1416 Z3_l12@1429,/eagle/projects/lighthouse-uchicago/members/mehta5/runs/makani_mn_scaling/e3sm_mn_scaling/nf4_proxy_b8_r2,/eagle/projects/lighthouse-uchicago/members/mehta5/runs/makani_mn_scaling/e3sm_mn_scaling/nf4_proxy_b8_r2/training_checkpoints/best_ckpt_mp0.tar,/eagle/projects/lighthouse-uchicago/members/mehta5/runs/makani_eval/climate_screen_7649647/screen_nf4p_r2_e01.nc
17,nf3p_r1_e01,1,ok,1,-1,,1460,-1,18,-56.12500524571806,-246.85548754314777,-6.979807564036946,1173.5764020569222,-7.2026034397455305,-246.85548754314777,RELHUM_l00@799 V_l00@812 RELHUM_l04@829,/eagle/projects/lighthouse-uchicago/members/mehta5/runs/makani_mn_scaling/e3sm_mn_scaling/nf3_proxy_b8_r1,/eagle/projects/lighthouse-uchicago/members/mehta5/runs/makani_mn_scaling/e3sm_mn_scaling/nf3_proxy_b8_r1/training_checkpoints/best_ckpt_mp0.tar,/eagle/projects/lighthouse-uchicago/members/mehta5/runs/makani_eval/climate_screen_7649647/screen_nf3p_r1_e01.nc
18,crps_e01,1,ok,1,-1,,1460,-1,30,-66.14919053850782,-206.9365551664085,-3.578174069411375,1193.096555141119,-1.8479741930949558,-206.9365551664085,SOILWATER_10CM@995 RELHUM_l05@1017 U_l06@1019,/eagle/projects/lighthouse-uchicago/members/mehta5/runs/makani_mn_scaling/e3sm_mn_scaling/nf4_crps_b4_r1,/eagle/projects/lighthouse-uchicago/members/mehta5/runs/makani_mn_scaling/e3sm_mn_scaling/nf4_crps_b4_r1/training_checkpoints/best_ckpt_mp0.tar,/eagle/projects/lighthouse-uchicago/members/mehta5/runs/makani_eval/climate_screen_7649647/screen_crps_e01.nc
19,C1_e03,3,ok,1,-1,,1460,-1,33,-40.624601685870005,-152.11832885585724,-11.272208823529752,815.3713124114747,-11.049329416845126,-152.11832885585724,V_l00@355 RELHUM_l00@1021 RELHUM_l04@1081,/eagle/projects/lighthouse-uchicago/members/mehta5/runs/makani_mn_scaling/e3sm_mn_scaling/c1_rollout_full_b16,/eagle/projects/lighthouse-uchicago/members/mehta5/runs/makani_mn_scaling/e3sm_mn_scaling/c1_rollout_full_b16/training_checkpoints/ckpt_mp0_v2.tar,/eagle/projects/lighthouse-uchicago/members/mehta5/runs/makani_eval/climate_screen_7649647/screen_C1_e03.nc
20,C1_e07,7,ok,1,-1,,1460,1442,70,-47.16122826151812,-318.8030007461805,-73.96387557616717,1903.0846753789956,-69.81242355463093,-318.8030007461805,V_l00@672 RELHUM_l00@1123 RELHUM_l01@1319,/eagle/projects/lighthouse-uchicago/members/mehta5/runs/makani_mn_scaling/e3sm_mn_scaling/c1_rollout_full_b16,/eagle/projects/lighthouse-uchicago/members/mehta5/runs/makani_mn_scaling/e3sm_mn_scaling/c1_rollout_full_b16/training_checkpoints/ckpt_mp0_v6.tar,/eagle/projects/lighthouse-uchicago/members/mehta5/runs/makani_eval/climate_screen_7649647/screen_C1_e07.nc
21,C1_e05,5,ok,0,1389,PS,1388,1234,101,-60.645668806247556,nan,nan,nan,nan,-1.1189678047141133e+17,V_l00@400 RELHUM_l00@1072 RELHUM_l04@1090,/eagle/projects/lighthouse-uchicago/members/mehta5/runs/makani_mn_scaling/e3sm_mn_scaling/c1_rollout_full_b16,/eagle/projects/lighthouse-uchicago/members/mehta5/runs/makani_mn_scaling/e3sm_mn_scaling/c1_rollout_full_b16/training_checkpoints/ckpt_mp0_v4.tar,/eagle/projects/lighthouse-uchicago/members/mehta5/runs/makani_eval/climate_screen_7649647/screen_C1_e05.nc
22,nf1p_r1_e01,1,ok,0,1381,PS,1380,1220,101,-89.43042324281981,nan,nan,nan,nan,-1.3375021231119914e+17,V_l00@536 RELHUM_l04@539 RELHUM_l00@544,/eagle/projects/lighthouse-uchicago/members/mehta5/runs/makani_mn_scaling/e3sm_mn_scaling/nf1_proxy_b8_r1,/eagle/projects/lighthouse-uchicago/members/mehta5/runs/makani_mn_scaling/e3sm_mn_scaling/nf1_proxy_b8_r1/training_checkpoints/best_ckpt_mp0.tar,/eagle/projects/lighthouse-uchicago/members/mehta5/runs/makani_eval/climate_screen_7649647/screen_nf1p_r1_e01.nc
23,C1_e04,4,ok,0,1204,PS,1203,1038,101,-25.614364751979593,nan,nan,nan,nan,-1.3090259347108186e+17,V_l00@420 RELHUM_l00@592 RELHUM_l04@906,/eagle/projects/lighthouse-uchicago/members/mehta5/runs/makani_mn_scaling/e3sm_mn_scaling/c1_rollout_full_b16,/eagle/projects/lighthouse-uchicago/members/mehta5/runs/makani_mn_scaling/e3sm_mn_scaling/c1_rollout_full_b16/training_checkpoints/ckpt_mp0_v3.tar,/eagle/projects/lighthouse-uchicago/members/mehta5/runs/makani_eval/climate_screen_7649647/screen_C1_e04.nc
24,C1_e21,21,ok,0,1167,PS,1166,1021,101,-26.94922649161701,nan,nan,nan,nan,-1.4208937907653555e+17,V_l00@562 RELHUM_l04@838 RELHUM_l00@853,/eagle/projects/lighthouse-uchicago/members/mehta5/runs/makani_mn_scaling/e3sm_mn_scaling/c1_rollout_full_b16,/eagle/projects/lighthouse-uchicago/members/mehta5/runs/makani_mn_scaling/e3sm_mn_scaling/c1_rollout_full_b16/training_checkpoints/ckpt_mp0_v20.tar,/eagle/projects/lighthouse-uchicago/members/mehta5/runs/makani_eval/climate_screen_7649647/screen_C1_e21.nc
25,C1_e15,15,ok,0,1095,PS,1094,931,101,-14.375893995002698,nan,nan,nan,nan,-1.1565183473120608e+17,V_l00@526 V_l01@626 RELHUM_l00@705,/eagle/projects/lighthouse-uchicago/members/mehta5/runs/makani_mn_scaling/e3sm_mn_scaling/c1_rollout_full_b16,/eagle/projects/lighthouse-uchicago/members/mehta5/runs/makani_mn_scaling/e3sm_mn_scaling/c1_rollout_full_b16/training_checkpoints/ckpt_mp0_v14.tar,/eagle/projects/lighthouse-uchicago/members/mehta5/runs/makani_eval/climate_screen_7649647/screen_C1_e15.nc
26,C1_e06,6,ok,0,981,PS,980,825,101,6.271585451547726,nan,nan,nan,nan,-1.4527988156015683e+17,V_l00@580 RELHUM_l04@601 RELHUM_l05@626,/eagle/projects/lighthouse-uchicago/members/mehta5/runs/makani_mn_scaling/e3sm_mn_scaling/c1_rollout_full_b16,/eagle/projects/lighthouse-uchicago/members/mehta5/runs/makani_mn_scaling/e3sm_mn_scaling/c1_rollout_full_b16/training_checkpoints/ckpt_mp0_v5.tar,/eagle/projects/lighthouse-uchicago/members/mehta5/runs/makani_eval/climate_screen_7649647/screen_C1_e06.nc
27,C1_e08,8,ok,0,948,PS,947,804,101,-21.413836188515123,nan,nan,nan,nan,-1.7741592827696666e+17,V_l00@286 RELHUM_l00@337 V_l01@693,/eagle/projects/lighthouse-uchicago/members/mehta5/runs/makani_mn_scaling/e3sm_mn_scaling/c1_rollout_full_b16,/eagle/projects/lighthouse-uchicago/members/mehta5/runs/makani_mn_scaling/e3sm_mn_scaling/c1_rollout_full_b16/training_checkpoints/ckpt_mp0_v7.tar,/eagle/projects/lighthouse-uchicago/members/mehta5/runs/makani_eval/climate_screen_7649647/screen_C1_e08.nc
28,C1_e17,17,ok,0,905,PS,904,762,101,-56.04033702150962,nan,nan,nan,nan,-1.5914563542701466e+17,V_l00@496 V_l01@596 RELHUM_l04@653,/eagle/projects/lighthouse-uchicago/members/mehta5/runs/makani_mn_scaling/e3sm_mn_scaling/c1_rollout_full_b16,/eagle/projects/lighthouse-uchicago/members/mehta5/runs/makani_mn_scaling/e3sm_mn_scaling/c1_rollout_full_b16/training_checkpoints/ckpt_mp0_v16.tar,/eagle/projects/lighthouse-uchicago/members/mehta5/runs/makani_eval/climate_screen_7649647/screen_C1_e17.nc
29,nf1p_r2_e01,1,ok,0,888,PS,887,719,101,-105.83814671150671,nan,nan,nan,nan,-9.701243577621611e+16,V_l00@485 RELHUM_l00@492 RELHUM_l04@528,/eagle/projects/lighthouse-uchicago/members/mehta5/runs/makani_mn_scaling/e3sm_mn_scaling/nf1_proxy_b8_r2,/eagle/projects/lighthouse-uchicago/members/mehta5/runs/makani_mn_scaling/e3sm_mn_scaling/nf1_proxy_b8_r2/training_checkpoints/best_ckpt_mp0.tar,/eagle/projects/lighthouse-uchicago/members/mehta5/runs/makani_eval/climate_screen_7649647/screen_nf1p_r2_e01.nc
30,C1_e02,2,ok,0,874,PS,873,716,101,-39.709965900707466,nan,nan,nan,nan,-9.771206884484994e+16,RELHUM_l04@585 RELHUM_l00@601 V_l00@610,/eagle/projects/lighthouse-uchicago/members/mehta5/runs/makani_mn_scaling/e3sm_mn_scaling/c1_rollout_full_b16,/eagle/projects/lighthouse-uchicago/members/mehta5/runs/makani_mn_scaling/e3sm_mn_scaling/c1_rollout_full_b16/training_checkpoints/ckpt_mp0_v1.tar,/eagle/projects/lighthouse-uchicago/members/mehta5/runs/makani_eval/climate_screen_7649647/screen_C1_e02.nc
31,C1_e22,22,ok,0,868,PS,867,736,101,-23.127904123711634,nan,nan,nan,nan,-1.2136784327955917e+17,RELHUM_l00@497 V_l00@507 RELHUM_l04@626,/eagle/projects/lighthouse-uchicago/members/mehta5/runs/makani_mn_scaling/e3sm_mn_scaling/c1_rollout_full_b16,/eagle/projects/lighthouse-uchicago/members/mehta5/runs/makani_mn_scaling/e3sm_mn_scaling/c1_rollout_full_b16/training_checkpoints/ckpt_mp0_v21.tar,/eagle/projects/lighthouse-uchicago/members/mehta5/runs/makani_eval/climate_screen_7649647/screen_C1_e22.nc
32,C1_e16,16,ok,0,751,PS,750,620,101,-68.04814753617713,nan,nan,nan,nan,-1.3428231155754078e+17,V_l00@313 RELHUM_l00@455 V_l01@492,/eagle/projects/lighthouse-uchicago/members/mehta5/runs/makani_mn_scaling/e3sm_mn_scaling/c1_rollout_full_b16,/eagle/projects/lighthouse-uchicago/members/mehta5/runs/makani_mn_scaling/e3sm_mn_scaling/c1_rollout_full_b16/training_checkpoints/ckpt_mp0_v15.tar,/eagle/projects/lighthouse-uchicago/members/mehta5/runs/makani_eval/climate_screen_7649647/screen_C1_e16.nc
33,C1_e11,11,ok,0,714,PS,713,515,101,-1709.5621697739284,nan,nan,nan,nan,-1.596449355313948e+17,V_l00@349 V_l01@375 U_l00@403,/eagle/projects/lighthouse-uchicago/members/mehta5/runs/makani_mn_scaling/e3sm_mn_scaling/c1_rollout_full_b16,/eagle/projects/lighthouse-uchicago/members/mehta5/runs/makani_mn_scaling/e3sm_mn_scaling/c1_rollout_full_b16/training_checkpoints/ckpt_mp0_v10.tar,/eagle/projects/lighthouse-uchicago/members/mehta5/runs/makani_eval/climate_screen_7649647/screen_C1_e11.nc
34,C1_e01,1,ok,0,667,PS,666,531,101,-1293969.8752541554,nan,nan,nan,nan,-1.0372177422900755e+17,V_l00@158 RELHUM_l00@293 RELHUM_l04@387,/eagle/projects/lighthouse-uchicago/members/mehta5/runs/makani_mn_scaling/e3sm_mn_scaling/c1_rollout_full_b16,/eagle/projects/lighthouse-uchicago/members/mehta5/runs/makani_mn_scaling/e3sm_mn_scaling/c1_rollout_full_b16/training_checkpoints/ckpt_mp0_v0.tar,/eagle/projects/lighthouse-uchicago/members/mehta5/runs/makani_eval/climate_screen_7649647/screen_C1_e01.nc
35,A_e200,200,ok,0,664,PS,663,554,101,-105329.95833774455,nan,nan,nan,nan,-2.6354411018883844e+16,V_l00@417 RELHUM_l04@491 RELHUM_l00@505,/eagle/projects/lighthouse-uchicago/members/mehta5/runs/makani_mn_scaling/e3sm_mn_scaling/prod1n_b32_sgdr,/eagle/projects/lighthouse-uchicago/members/mehta5/runs/makani_mn_scaling/e3sm_mn_scaling/prod1n_b32_sgdr/training_checkpoints/ckpt_mp0_v199.tar,/eagle/projects/lighthouse-uchicago/members/mehta5/runs/makani_eval/climate_screen_7649647/screen_A_e200.nc
36,C1_e10,10,ok,0,640,PS,639,478,101,-62846484351.3389,nan,nan,nan,nan,-1.0187458364215795e+17,RELHUM_l04@314 V_l00@331 RELHUM_l05@335,/eagle/projects/lighthouse-uchicago/members/mehta5/runs/makani_mn_scaling/e3sm_mn_scaling/c1_rollout_full_b16,/eagle/projects/lighthouse-uchicago/members/mehta5/runs/makani_mn_scaling/e3sm_mn_scaling/c1_rollout_full_b16/training_checkpoints/ckpt_mp0_v9.tar,/eagle/projects/lighthouse-uchicago/members/mehta5/runs/makani_eval/climate_screen_7649647/screen_C1_e10.nc
37,A_e243,243,ok,0,595,PS,594,488,101,nan,nan,nan,nan,nan,-3.233902133482055e+16,V_l00@382 RELHUM_l04@410 RELHUM_l00@417,/eagle/projects/lighthouse-uchicago/members/mehta5/runs/makani_mn_scaling/e3sm_mn_scaling/prod1n_b32_sgdr,/eagle/projects/lighthouse-uchicago/members/mehta5/runs/makani_mn_scaling/e3sm_mn_scaling/prod1n_b32_sgdr/training_checkpoints/ckpt_mp0_v242.tar,/eagle/projects/lighthouse-uchicago/members/mehta5/runs/makani_eval/climate_screen_7649647/screen_A_e243.nc
38,A_e220,220,ok,0,490,PS,489,382,101,nan,nan,nan,nan,nan,-2.1158689860563736e+16,RELHUM_l04@312 T_l05@324 RELHUM_l00@326,/eagle/projects/lighthouse-uchicago/members/mehta5/runs/makani_mn_scaling/e3sm_mn_scaling/prod1n_b32_sgdr,/eagle/projects/lighthouse-uchicago/members/mehta5/runs/makani_mn_scaling/e3sm_mn_scaling/prod1n_b32_sgdr/training_checkpoints/ckpt_mp0_v219.tar,/eagle/projects/lighthouse-uchicago/members/mehta5/runs/makani_eval/climate_screen_7649647/screen_A_e220.nc
